--
-- PostgreSQL database dump
--

-- Dumped from database version 16.9 (Homebrew)
-- Dumped by pg_dump version 16.9 (Homebrew)

SET statement_timeout = 0;
SET lock_timeout = 0;
SET idle_in_transaction_session_timeout = 0;
SET client_encoding = 'UTF8';
SET standard_conforming_strings = on;
SELECT pg_catalog.set_config('search_path', '', false);
SET check_function_bodies = false;
SET xmloption = content;
SET client_min_messages = warning;
SET row_security = off;

SET default_tablespace = '';

SET default_table_access_method = heap;

--
-- Name: auth_group; Type: TABLE; Schema: public; Owner: maicon
--

CREATE TABLE public.auth_group (
    id integer NOT NULL,
    name character varying(150) NOT NULL
);


ALTER TABLE public.auth_group OWNER TO maicon;

--
-- Name: auth_group_id_seq; Type: SEQUENCE; Schema: public; Owner: maicon
--

ALTER TABLE public.auth_group ALTER COLUMN id ADD GENERATED BY DEFAULT AS IDENTITY (
    SEQUENCE NAME public.auth_group_id_seq
    START WITH 1
    INCREMENT BY 1
    NO MINVALUE
    NO MAXVALUE
    CACHE 1
);


--
-- Name: auth_group_permissions; Type: TABLE; Schema: public; Owner: maicon
--

CREATE TABLE public.auth_group_permissions (
    id bigint NOT NULL,
    group_id integer NOT NULL,
    permission_id integer NOT NULL
);


ALTER TABLE public.auth_group_permissions OWNER TO maicon;

--
-- Name: auth_group_permissions_id_seq; Type: SEQUENCE; Schema: public; Owner: maicon
--

ALTER TABLE public.auth_group_permissions ALTER COLUMN id ADD GENERATED BY DEFAULT AS IDENTITY (
    SEQUENCE NAME public.auth_group_permissions_id_seq
    START WITH 1
    INCREMENT BY 1
    NO MINVALUE
    NO MAXVALUE
    CACHE 1
);


--
-- Name: auth_permission; Type: TABLE; Schema: public; Owner: maicon
--

CREATE TABLE public.auth_permission (
    id integer NOT NULL,
    name character varying(255) NOT NULL,
    content_type_id integer NOT NULL,
    codename character varying(100) NOT NULL
);


ALTER TABLE public.auth_permission OWNER TO maicon;

--
-- Name: auth_permission_id_seq; Type: SEQUENCE; Schema: public; Owner: maicon
--

ALTER TABLE public.auth_permission ALTER COLUMN id ADD GENERATED BY DEFAULT AS IDENTITY (
    SEQUENCE NAME public.auth_permission_id_seq
    START WITH 1
    INCREMENT BY 1
    NO MINVALUE
    NO MAXVALUE
    CACHE 1
);


--
-- Name: auth_user; Type: TABLE; Schema: public; Owner: maicon
--

CREATE TABLE public.auth_user (
    id integer NOT NULL,
    password character varying(128) NOT NULL,
    last_login timestamp with time zone,
    is_superuser boolean NOT NULL,
    username character varying(150) NOT NULL,
    first_name character varying(150) NOT NULL,
    last_name character varying(150) NOT NULL,
    email character varying(254) NOT NULL,
    is_staff boolean NOT NULL,
    is_active boolean NOT NULL,
    date_joined timestamp with time zone NOT NULL
);


ALTER TABLE public.auth_user OWNER TO maicon;

--
-- Name: auth_user_groups; Type: TABLE; Schema: public; Owner: maicon
--

CREATE TABLE public.auth_user_groups (
    id bigint NOT NULL,
    user_id integer NOT NULL,
    group_id integer NOT NULL
);


ALTER TABLE public.auth_user_groups OWNER TO maicon;

--
-- Name: auth_user_groups_id_seq; Type: SEQUENCE; Schema: public; Owner: maicon
--

ALTER TABLE public.auth_user_groups ALTER COLUMN id ADD GENERATED BY DEFAULT AS IDENTITY (
    SEQUENCE NAME public.auth_user_groups_id_seq
    START WITH 1
    INCREMENT BY 1
    NO MINVALUE
    NO MAXVALUE
    CACHE 1
);


--
-- Name: auth_user_id_seq; Type: SEQUENCE; Schema: public; Owner: maicon
--

ALTER TABLE public.auth_user ALTER COLUMN id ADD GENERATED BY DEFAULT AS IDENTITY (
    SEQUENCE NAME public.auth_user_id_seq
    START WITH 1
    INCREMENT BY 1
    NO MINVALUE
    NO MAXVALUE
    CACHE 1
);


--
-- Name: auth_user_user_permissions; Type: TABLE; Schema: public; Owner: maicon
--

CREATE TABLE public.auth_user_user_permissions (
    id bigint NOT NULL,
    user_id integer NOT NULL,
    permission_id integer NOT NULL
);


ALTER TABLE public.auth_user_user_permissions OWNER TO maicon;

--
-- Name: auth_user_user_permissions_id_seq; Type: SEQUENCE; Schema: public; Owner: maicon
--

ALTER TABLE public.auth_user_user_permissions ALTER COLUMN id ADD GENERATED BY DEFAULT AS IDENTITY (
    SEQUENCE NAME public.auth_user_user_permissions_id_seq
    START WITH 1
    INCREMENT BY 1
    NO MINVALUE
    NO MAXVALUE
    CACHE 1
);


--
-- Name: contratos_advogado; Type: TABLE; Schema: public; Owner: maicon
--

CREATE TABLE public.contratos_advogado (
    id bigint NOT NULL,
    nome character varying(255) NOT NULL,
    cpf character varying(14),
    numero_oab character varying(20) NOT NULL,
    uf_oab character varying(2) NOT NULL,
    parte_id bigint NOT NULL
);


ALTER TABLE public.contratos_advogado OWNER TO maicon;

--
-- Name: contratos_advogado_id_seq; Type: SEQUENCE; Schema: public; Owner: maicon
--

ALTER TABLE public.contratos_advogado ALTER COLUMN id ADD GENERATED BY DEFAULT AS IDENTITY (
    SEQUENCE NAME public.contratos_advogado_id_seq
    START WITH 1
    INCREMENT BY 1
    NO MINVALUE
    NO MAXVALUE
    CACHE 1
);


--
-- Name: contratos_andamentoprocessual; Type: TABLE; Schema: public; Owner: maicon
--

CREATE TABLE public.contratos_andamentoprocessual (
    id bigint NOT NULL,
    data timestamp with time zone NOT NULL,
    descricao text NOT NULL,
    detalhes text,
    processo_id bigint NOT NULL
);


ALTER TABLE public.contratos_andamentoprocessual OWNER TO maicon;

--
-- Name: contratos_andamentoprocessual_id_seq; Type: SEQUENCE; Schema: public; Owner: maicon
--

ALTER TABLE public.contratos_andamentoprocessual ALTER COLUMN id ADD GENERATED BY DEFAULT AS IDENTITY (
    SEQUENCE NAME public.contratos_andamentoprocessual_id_seq
    START WITH 1
    INCREMENT BY 1
    NO MINVALUE
    NO MAXVALUE
    CACHE 1
);


--
-- Name: contratos_andamentoprocessualadvogado; Type: TABLE; Schema: public; Owner: maicon
--

CREATE TABLE public.contratos_andamentoprocessualadvogado (
    id bigint NOT NULL,
    advogado_id bigint NOT NULL,
    andamento_id bigint NOT NULL
);


ALTER TABLE public.contratos_andamentoprocessualadvogado OWNER TO maicon;

--
-- Name: contratos_andamentoprocessualadvogado_id_seq; Type: SEQUENCE; Schema: public; Owner: maicon
--

ALTER TABLE public.contratos_andamentoprocessualadvogado ALTER COLUMN id ADD GENERATED BY DEFAULT AS IDENTITY (
    SEQUENCE NAME public.contratos_andamentoprocessualadvogado_id_seq
    START WITH 1
    INCREMENT BY 1
    NO MINVALUE
    NO MAXVALUE
    CACHE 1
);


--
-- Name: contratos_carteira; Type: TABLE; Schema: public; Owner: maicon
--

CREATE TABLE public.contratos_carteira (
    id bigint NOT NULL,
    nome character varying(100) NOT NULL
);


ALTER TABLE public.contratos_carteira OWNER TO maicon;

--
-- Name: contratos_carteira_id_seq; Type: SEQUENCE; Schema: public; Owner: maicon
--

ALTER TABLE public.contratos_carteira ALTER COLUMN id ADD GENERATED BY DEFAULT AS IDENTITY (
    SEQUENCE NAME public.contratos_carteira_id_seq
    START WITH 1
    INCREMENT BY 1
    NO MINVALUE
    NO MAXVALUE
    CACHE 1
);


--
-- Name: contratos_contrato; Type: TABLE; Schema: public; Owner: maicon
--

CREATE TABLE public.contratos_contrato (
    id bigint NOT NULL,
    numero_contrato character varying(50) NOT NULL,
    valor_total_devido numeric(10,2) NOT NULL,
    parcelas_em_aberto integer NOT NULL,
    data_contrato date NOT NULL,
    processo_id bigint NOT NULL
);


ALTER TABLE public.contratos_contrato OWNER TO maicon;

--
-- Name: contratos_contrato_id_seq; Type: SEQUENCE; Schema: public; Owner: maicon
--

ALTER TABLE public.contratos_contrato ALTER COLUMN id ADD GENERATED BY DEFAULT AS IDENTITY (
    SEQUENCE NAME public.contratos_contrato_id_seq
    START WITH 1
    INCREMENT BY 1
    NO MINVALUE
    NO MAXVALUE
    CACHE 1
);


--
-- Name: contratos_etiqueta; Type: TABLE; Schema: public; Owner: maicon
--

CREATE TABLE public.contratos_etiqueta (
    id bigint NOT NULL,
    nome character varying(50) NOT NULL,
    cor_fundo character varying(7) NOT NULL,
    cor_fonte character varying(7) NOT NULL,
    ordem integer NOT NULL,
    CONSTRAINT contratos_etiqueta_ordem_check CHECK ((ordem >= 0))
);


ALTER TABLE public.contratos_etiqueta OWNER TO maicon;

--
-- Name: contratos_etiqueta_id_seq; Type: SEQUENCE; Schema: public; Owner: maicon
--

ALTER TABLE public.contratos_etiqueta ALTER COLUMN id ADD GENERATED BY DEFAULT AS IDENTITY (
    SEQUENCE NAME public.contratos_etiqueta_id_seq
    START WITH 1
    INCREMENT BY 1
    NO MINVALUE
    NO MAXVALUE
    CACHE 1
);


--
-- Name: contratos_listadetarefas; Type: TABLE; Schema: public; Owner: maicon
--

CREATE TABLE public.contratos_listadetarefas (
    id bigint NOT NULL,
    nome character varying(100) NOT NULL
);


ALTER TABLE public.contratos_listadetarefas OWNER TO maicon;

--
-- Name: contratos_listadetarefas_id_seq; Type: SEQUENCE; Schema: public; Owner: maicon
--

ALTER TABLE public.contratos_listadetarefas ALTER COLUMN id ADD GENERATED BY DEFAULT AS IDENTITY (
    SEQUENCE NAME public.contratos_listadetarefas_id_seq
    START WITH 1
    INCREMENT BY 1
    NO MINVALUE
    NO MAXVALUE
    CACHE 1
);


--
-- Name: contratos_parte; Type: TABLE; Schema: public; Owner: maicon
--

CREATE TABLE public.contratos_parte (
    id bigint NOT NULL,
    tipo_polo character varying(7) NOT NULL,
    nome character varying(255) NOT NULL,
    tipo_pessoa character varying(2) NOT NULL,
    documento character varying(20) NOT NULL,
    endereco text,
    processo_id bigint NOT NULL,
    advogados_info text
);


ALTER TABLE public.contratos_parte OWNER TO maicon;

--
-- Name: contratos_parte_id_seq; Type: SEQUENCE; Schema: public; Owner: maicon
--

ALTER TABLE public.contratos_parte ALTER COLUMN id ADD GENERATED BY DEFAULT AS IDENTITY (
    SEQUENCE NAME public.contratos_parte_id_seq
    START WITH 1
    INCREMENT BY 1
    NO MINVALUE
    NO MAXVALUE
    CACHE 1
);


--
-- Name: contratos_parteprocessoadvogado; Type: TABLE; Schema: public; Owner: maicon
--

CREATE TABLE public.contratos_parteprocessoadvogado (
    id bigint NOT NULL,
    advogado_id bigint NOT NULL,
    parte_id bigint NOT NULL
);


ALTER TABLE public.contratos_parteprocessoadvogado OWNER TO maicon;

--
-- Name: contratos_parteprocessoadvogado_id_seq; Type: SEQUENCE; Schema: public; Owner: maicon
--

ALTER TABLE public.contratos_parteprocessoadvogado ALTER COLUMN id ADD GENERATED BY DEFAULT AS IDENTITY (
    SEQUENCE NAME public.contratos_parteprocessoadvogado_id_seq
    START WITH 1
    INCREMENT BY 1
    NO MINVALUE
    NO MAXVALUE
    CACHE 1
);


--
-- Name: contratos_prazo; Type: TABLE; Schema: public; Owner: maicon
--

CREATE TABLE public.contratos_prazo (
    id bigint NOT NULL,
    titulo character varying(255) NOT NULL,
    data_limite timestamp with time zone NOT NULL,
    alerta_valor integer NOT NULL,
    alerta_unidade character varying(1) NOT NULL,
    observacoes text,
    concluido boolean NOT NULL,
    processo_id bigint NOT NULL,
    responsavel_id integer,
    CONSTRAINT contratos_prazo_alerta_valor_check CHECK ((alerta_valor >= 0))
);


ALTER TABLE public.contratos_prazo OWNER TO maicon;

--
-- Name: contratos_prazo_id_seq; Type: SEQUENCE; Schema: public; Owner: maicon
--

ALTER TABLE public.contratos_prazo ALTER COLUMN id ADD GENERATED BY DEFAULT AS IDENTITY (
    SEQUENCE NAME public.contratos_prazo_id_seq
    START WITH 1
    INCREMENT BY 1
    NO MINVALUE
    NO MAXVALUE
    CACHE 1
);


--
-- Name: contratos_processojudicial; Type: TABLE; Schema: public; Owner: maicon
--

CREATE TABLE public.contratos_processojudicial (
    id bigint NOT NULL,
    cnj character varying(30) NOT NULL,
    uf character varying(2) NOT NULL,
    vara character varying(255) NOT NULL,
    tribunal character varying(50) NOT NULL,
    valor_causa numeric(10,2) NOT NULL,
    status_id bigint,
    busca_ativa boolean NOT NULL,
    titulo_processo character varying(500),
    assunto character varying(255),
    carteira_id bigint
);


ALTER TABLE public.contratos_processojudicial OWNER TO maicon;

--
-- Name: contratos_processojudicial_etiquetas; Type: TABLE; Schema: public; Owner: maicon
--

CREATE TABLE public.contratos_processojudicial_etiquetas (
    id bigint NOT NULL,
    processojudicial_id bigint NOT NULL,
    etiqueta_id bigint NOT NULL
);


ALTER TABLE public.contratos_processojudicial_etiquetas OWNER TO maicon;

--
-- Name: contratos_processojudicial_etiquetas_id_seq; Type: SEQUENCE; Schema: public; Owner: maicon
--

ALTER TABLE public.contratos_processojudicial_etiquetas ALTER COLUMN id ADD GENERATED BY DEFAULT AS IDENTITY (
    SEQUENCE NAME public.contratos_processojudicial_etiquetas_id_seq
    START WITH 1
    INCREMENT BY 1
    NO MINVALUE
    NO MAXVALUE
    CACHE 1
);


--
-- Name: contratos_processojudicial_id_seq; Type: SEQUENCE; Schema: public; Owner: maicon
--

ALTER TABLE public.contratos_processojudicial ALTER COLUMN id ADD GENERATED BY DEFAULT AS IDENTITY (
    SEQUENCE NAME public.contratos_processojudicial_id_seq
    START WITH 1
    INCREMENT BY 1
    NO MINVALUE
    NO MAXVALUE
    CACHE 1
);


--
-- Name: contratos_statusprocessual; Type: TABLE; Schema: public; Owner: maicon
--

CREATE TABLE public.contratos_statusprocessual (
    id bigint NOT NULL,
    nome character varying(100) NOT NULL,
    ordem integer DEFAULT 1,
    ativo boolean NOT NULL
);


ALTER TABLE public.contratos_statusprocessual OWNER TO maicon;

--
-- Name: contratos_statusprocessual_id_seq; Type: SEQUENCE; Schema: public; Owner: maicon
--

ALTER TABLE public.contratos_statusprocessual ALTER COLUMN id ADD GENERATED BY DEFAULT AS IDENTITY (
    SEQUENCE NAME public.contratos_statusprocessual_id_seq
    START WITH 1
    INCREMENT BY 1
    NO MINVALUE
    NO MAXVALUE
    CACHE 1
);


--
-- Name: contratos_tarefa; Type: TABLE; Schema: public; Owner: maicon
--

CREATE TABLE public.contratos_tarefa (
    id bigint NOT NULL,
    descricao character varying(255) NOT NULL,
    data date NOT NULL,
    prioridade character varying(1) NOT NULL,
    concluida boolean NOT NULL,
    lista_id bigint,
    processo_id bigint NOT NULL,
    responsavel_id integer
);


ALTER TABLE public.contratos_tarefa OWNER TO maicon;

--
-- Name: contratos_tarefa_id_seq; Type: SEQUENCE; Schema: public; Owner: maicon
--

ALTER TABLE public.contratos_tarefa ALTER COLUMN id ADD GENERATED BY DEFAULT AS IDENTITY (
    SEQUENCE NAME public.contratos_tarefa_id_seq
    START WITH 1
    INCREMENT BY 1
    NO MINVALUE
    NO MAXVALUE
    CACHE 1
);


--
-- Name: django_admin_log; Type: TABLE; Schema: public; Owner: maicon
--

CREATE TABLE public.django_admin_log (
    id integer NOT NULL,
    action_time timestamp with time zone NOT NULL,
    object_id text,
    object_repr character varying(200) NOT NULL,
    action_flag smallint NOT NULL,
    change_message text NOT NULL,
    content_type_id integer,
    user_id integer NOT NULL,
    CONSTRAINT django_admin_log_action_flag_check CHECK ((action_flag >= 0))
);


ALTER TABLE public.django_admin_log OWNER TO maicon;

--
-- Name: django_admin_log_id_seq; Type: SEQUENCE; Schema: public; Owner: maicon
--

ALTER TABLE public.django_admin_log ALTER COLUMN id ADD GENERATED BY DEFAULT AS IDENTITY (
    SEQUENCE NAME public.django_admin_log_id_seq
    START WITH 1
    INCREMENT BY 1
    NO MINVALUE
    NO MAXVALUE
    CACHE 1
);


--
-- Name: django_content_type; Type: TABLE; Schema: public; Owner: maicon
--

CREATE TABLE public.django_content_type (
    id integer NOT NULL,
    app_label character varying(100) NOT NULL,
    model character varying(100) NOT NULL
);


ALTER TABLE public.django_content_type OWNER TO maicon;

--
-- Name: django_content_type_id_seq; Type: SEQUENCE; Schema: public; Owner: maicon
--

ALTER TABLE public.django_content_type ALTER COLUMN id ADD GENERATED BY DEFAULT AS IDENTITY (
    SEQUENCE NAME public.django_content_type_id_seq
    START WITH 1
    INCREMENT BY 1
    NO MINVALUE
    NO MAXVALUE
    CACHE 1
);


--
-- Name: django_migrations; Type: TABLE; Schema: public; Owner: maicon
--

CREATE TABLE public.django_migrations (
    id bigint NOT NULL,
    app character varying(255) NOT NULL,
    name character varying(255) NOT NULL,
    applied timestamp with time zone NOT NULL
);


ALTER TABLE public.django_migrations OWNER TO maicon;

--
-- Name: django_migrations_id_seq; Type: SEQUENCE; Schema: public; Owner: maicon
--

ALTER TABLE public.django_migrations ALTER COLUMN id ADD GENERATED BY DEFAULT AS IDENTITY (
    SEQUENCE NAME public.django_migrations_id_seq
    START WITH 1
    INCREMENT BY 1
    NO MINVALUE
    NO MAXVALUE
    CACHE 1
);


--
-- Name: django_session; Type: TABLE; Schema: public; Owner: maicon
--

CREATE TABLE public.django_session (
    session_key character varying(40) NOT NULL,
    session_data text NOT NULL,
    expire_date timestamp with time zone NOT NULL
);


ALTER TABLE public.django_session OWNER TO maicon;

--
-- Data for Name: auth_group; Type: TABLE DATA; Schema: public; Owner: maicon
--

COPY public.auth_group (id, name) FROM stdin;
\.


--
-- Data for Name: auth_group_permissions; Type: TABLE DATA; Schema: public; Owner: maicon
--

COPY public.auth_group_permissions (id, group_id, permission_id) FROM stdin;
\.


--
-- Data for Name: auth_permission; Type: TABLE DATA; Schema: public; Owner: maicon
--

COPY public.auth_permission (id, name, content_type_id, codename) FROM stdin;
1	Can add log entry	1	add_logentry
2	Can change log entry	1	change_logentry
3	Can delete log entry	1	delete_logentry
4	Can view log entry	1	view_logentry
5	Can add permission	2	add_permission
6	Can change permission	2	change_permission
7	Can delete permission	2	delete_permission
8	Can view permission	2	view_permission
9	Can add group	3	add_group
10	Can change group	3	change_group
11	Can delete group	3	delete_group
12	Can view group	3	view_group
13	Can add user	4	add_user
14	Can change user	4	change_user
15	Can delete user	4	delete_user
16	Can view user	4	view_user
17	Can add content type	5	add_contenttype
18	Can change content type	5	change_contenttype
19	Can delete content type	5	delete_contenttype
20	Can view content type	5	view_contenttype
21	Can add session	6	add_session
22	Can change session	6	change_session
23	Can delete session	6	delete_session
24	Can view session	6	view_session
25	Can add processo judicial	7	add_processojudicial
26	Can change processo judicial	7	change_processojudicial
27	Can delete processo judicial	7	delete_processojudicial
28	Can view processo judicial	7	view_processojudicial
29	Can add parte	8	add_parte
30	Can change parte	8	change_parte
31	Can delete parte	8	delete_parte
32	Can view parte	8	view_parte
33	Can add contrato	9	add_contrato
34	Can change contrato	9	change_contrato
35	Can delete contrato	9	delete_contrato
36	Can view contrato	9	view_contrato
37	Can add Status Processual	10	add_statusprocessual
38	Can change Status Processual	10	change_statusprocessual
39	Can delete Status Processual	10	delete_statusprocessual
40	Can view Status Processual	10	view_statusprocessual
41	Can add Andamento	11	add_andamento
42	Can change Andamento	11	change_andamento
43	Can delete Andamento	11	delete_andamento
44	Can view Andamento	11	view_andamento
45	Can add Andamento Processual	12	add_andamentoprocessual
46	Can change Andamento Processual	12	change_andamentoprocessual
47	Can delete Andamento Processual	12	delete_andamentoprocessual
48	Can view Andamento Processual	12	view_andamentoprocessual
49	Can add advogado	13	add_advogado
50	Can change advogado	13	change_advogado
51	Can delete advogado	13	delete_advogado
52	Can view advogado	13	view_advogado
53	Can add Carteira	14	add_carteira
54	Can change Carteira	14	change_carteira
55	Can delete Carteira	14	delete_carteira
56	Can view Carteira	14	view_carteira
57	Can add Relação Parte-Advogado	15	add_parteprocessoadvogado
58	Can change Relação Parte-Advogado	15	change_parteprocessoadvogado
59	Can delete Relação Parte-Advogado	15	delete_parteprocessoadvogado
60	Can view Relação Parte-Advogado	15	view_parteprocessoadvogado
61	Can add Etiqueta	16	add_etiqueta
62	Can change Etiqueta	16	change_etiqueta
63	Can delete Etiqueta	16	delete_etiqueta
64	Can view Etiqueta	16	view_etiqueta
65	Can add Relação Andamento-Advogado	17	add_andamentoprocessualadvogado
66	Can change Relação Andamento-Advogado	17	change_andamentoprocessualadvogado
67	Can delete Relação Andamento-Advogado	17	delete_andamentoprocessualadvogado
68	Can view Relação Andamento-Advogado	17	view_andamentoprocessualadvogado
69	Can add Tarefa	18	add_tarefa
70	Can change Tarefa	18	change_tarefa
71	Can delete Tarefa	18	delete_tarefa
72	Can view Tarefa	18	view_tarefa
73	Can add Prazo	19	add_prazo
74	Can change Prazo	19	change_prazo
75	Can delete Prazo	19	delete_prazo
76	Can view Prazo	19	view_prazo
77	Can add Lista de Tarefas	20	add_listadetarefas
78	Can change Lista de Tarefas	20	change_listadetarefas
79	Can delete Lista de Tarefas	20	delete_listadetarefas
80	Can view Lista de Tarefas	20	view_listadetarefas
\.


--
-- Data for Name: auth_user; Type: TABLE DATA; Schema: public; Owner: maicon
--

COPY public.auth_user (id, password, last_login, is_superuser, username, first_name, last_name, email, is_staff, is_active, date_joined) FROM stdin;
1	pbkdf2_sha256$1000000$VEpVypZ9zGg2AJnkmmJfkI$UvbFNW1EYiSBOBgNHHSaQc9GRHBvq9xDFNg2JlF20Vc=	2025-08-20 11:58:28.970685-03	t	maicon			emaildomaicon@icloud.com	t	t	2025-07-14 18:30:06.489281-03
2	pbkdf2_sha256$1000000$TppK6OhhMEp0pLbnQZ9PQP$6pWM5IL+/EOKdtctzh+2bYMHpY+qI+R1mwdxxkR7CD4=	\N	f	Ardim.Dutra				f	t	2025-08-21 15:25:25.000817-03
\.


--
-- Data for Name: auth_user_groups; Type: TABLE DATA; Schema: public; Owner: maicon
--

COPY public.auth_user_groups (id, user_id, group_id) FROM stdin;
\.


--
-- Data for Name: auth_user_user_permissions; Type: TABLE DATA; Schema: public; Owner: maicon
--

COPY public.auth_user_user_permissions (id, user_id, permission_id) FROM stdin;
\.


--
-- Data for Name: contratos_advogado; Type: TABLE DATA; Schema: public; Owner: maicon
--

COPY public.contratos_advogado (id, nome, cpf, numero_oab, uf_oab, parte_id) FROM stdin;
\.


--
-- Data for Name: contratos_andamentoprocessual; Type: TABLE DATA; Schema: public; Owner: maicon
--

COPY public.contratos_andamentoprocessual (id, data, descricao, detalhes, processo_id) FROM stdin;
43	2025-08-20 21:00:00-03	Conclusos para decisão		28
44	2025-08-19 21:00:00-03	Processo Desarquivado		28
45	2025-08-17 21:00:00-03	Expedição de Outros documentos.		28
46	2025-04-08 21:00:00-03	Decorrido prazo de RITA CUNHA SALES em 08/04/2025 23:59.\r\n\r\n--- NOVO ANDAMENTO NA MESMA DATA ---\r\n\r\nDecorrido prazo de ORESTE NESTOR DE SOUZA LASPRO em 08/04/2025 23:59.		28
47	2025-03-26 21:00:00-03	Arquivado Definitivamente		28
48	2025-03-16 21:00:00-03	Disponibilizado no DJ Eletrônico em #(data)\r\n\r\n--- NOVO ANDAMENTO NA MESMA DATA ---\r\n\r\nPublicado DECISÃO em 17/03/2025.\r\n\r\n--- NOVO ANDAMENTO NA MESMA DATA ---\r\n\r\nPODER JUDICIÁRIO DO ESTADO DE RONDÔNIA Tribunal de Justiça de Rondônia Porto Velho - 5ª Vara Cível Avenida Pinheiro Machado, nº 777, Bairro Olaria, CEP 76801-235, Porto Velho, 5civelcpe@tjro.jus.br Número do processo: 7045340-89.2019.8.22.0001 Classe: Cumprimento de sentença Polo Ativo: MASSA FALIDA DO BANCO CRUZEIRO DO SUL ADVOGADO DO EXEQUENTE: ORESTE NESTOR DE SOUZA LASPRO, OAB nº SP98628 Polo Passivo: RITA CUNHA SALES EXECUTADO SEM ADVOGADO(S) DECISÃO Vistos. Compulsando os autos, verifica-se manifestação da parte exequente, na qual requer suspensão dos autos pelo prazo de 180 dias em razão de descontos em folha de pagamento em face do executado. Defiro o pedido e determino a suspensão dos autos pelo prazo de 180 dias. Esclareço que a suspensão correrá em arquivo, podendo ser desarquivado a qualquer momento por simples requerimento. Arquive-se. Porto Velho/RO, 14 de março de 2025. Juliana Paula Silva da Costa Juiz (a) de Direito		28
49	2025-03-13 21:00:00-03	Expedição de Outros documentos.\r\n\r\n--- NOVO ANDAMENTO NA MESMA DATA ---\r\n\r\nProferidas outras decisões não especificadas\r\n\r\n--- NOVO ANDAMENTO NA MESMA DATA ---\r\n\r\nDeterminado o arquivamento definitivo		28
50	2025-03-12 21:00:00-03	Conclusos para despacho		28
51	2025-02-18 21:00:00-03	Juntada de Petição de petição		28
52	2025-02-13 21:00:00-03	Disponibilizado no DJ Eletrônico em #(data)\r\n\r\n--- NOVO ANDAMENTO NA MESMA DATA ---\r\n\r\nPublicado INTIMAÇÃO em 14/02/2025.\r\n\r\n--- NOVO ANDAMENTO NA MESMA DATA ---\r\n\r\nPoder Judiciário TRIBUNAL DE JUSTIÇA DO ESTADO DE RONDÔNIA www.tjro.jus.br Porto Velho - 5ª Vara Cível Avenida Pinheiro Machado, 777, 5civelcpe@tjro.jus.br, Olaria, Porto Velho - RO - CEP: 76801-235 Horário de atendimento de 07:00h às 14:00h Processo : 7045340-89.2019.8.22.0001 Classe : CUMPRIMENTO DE SENTENÇA (156) EXEQUENTE: MASSA FALIDA DO BANCO CRUZEIRO DO SUL Advogado do(a) EXEQUENTE: ORESTE NESTOR DE SOUZA LASPRO - SP98628 EXECUTADO: RITA CUNHA SALES INTIMAÇÃO AUTOR - DOCUMENTOS JUNTADOS Fica a parte AUTORA intimada, no prazo de 05 (cinco) dias, a apresentar manifestação acerca dos documentos juntados.		28
53	2025-02-12 21:00:00-03	Expedição de Outros documentos.		28
54	2025-02-11 21:00:00-03	Juntada de certidão		28
55	2025-01-30 21:00:00-03	Juntada de Petição de petição		28
\.


--
-- Data for Name: contratos_andamentoprocessualadvogado; Type: TABLE DATA; Schema: public; Owner: maicon
--

COPY public.contratos_andamentoprocessualadvogado (id, advogado_id, andamento_id) FROM stdin;
\.


--
-- Data for Name: contratos_carteira; Type: TABLE DATA; Schema: public; Owner: maicon
--

COPY public.contratos_carteira (id, nome) FROM stdin;
1	BCS
3	Teste B
2	Teste A
4	Teste C
5	Teste D
6	Teste E
\.


--
-- Data for Name: contratos_contrato; Type: TABLE DATA; Schema: public; Owner: maicon
--

COPY public.contratos_contrato (id, numero_contrato, valor_total_devido, parcelas_em_aberto, data_contrato, processo_id) FROM stdin;
\.


--
-- Data for Name: contratos_etiqueta; Type: TABLE DATA; Schema: public; Owner: maicon
--

COPY public.contratos_etiqueta (id, nome, cor_fundo, cor_fonte, ordem) FROM stdin;
3	Maicon	#417690	#FFFFFF	5
5	OUTRAS	#417690	#2D2D2D	4
4	URGENTE	#FF0000	#FFFFFF	2
8	TESTE	#6600FF	#FFFFFF	1
10	BOLINHA DE GUDE	#9C27B0	#FFFFFF	8
1	URGÊNCIA	#417690	#FFFFFF	3
11	PÍLULAS	#FFEB3B	#000000	7
15	PROPAROXÍTONA	#8BC34A	#FFFFFF	9
16	Jefersson	#009688	#FFEB3B	10
17	TESTANDO 01	#4CAF50	#FFFFFF	11
18	TESTANDO 04	#00BCD4	#FFFFFF	12
19	EDFFEFEF	#03A9F4	#FFFFFF	13
20	WEFfz'cs'zd	#8BC34A	#9C27B0	14
21	LUCIVALDO	#F44336	#FFEB3B	15
22	JOAO	#FF00A4	#FFEB3B	16
\.


--
-- Data for Name: contratos_listadetarefas; Type: TABLE DATA; Schema: public; Owner: maicon
--

COPY public.contratos_listadetarefas (id, nome) FROM stdin;
1	PETICIONAR HABILITAÇÃO
\.


--
-- Data for Name: contratos_parte; Type: TABLE DATA; Schema: public; Owner: maicon
--

COPY public.contratos_parte (id, tipo_polo, nome, tipo_pessoa, documento, endereco, processo_id, advogados_info) FROM stdin;
2	PASSIVO	Marina Oliveira Trindade	PF	182.007.318-12	Rua Alba Coreta, 326 - Jd. Planalto - SP - Capital	1	\N
1	ATIVO	B6 Assignee Assets	PJ	49.380.692/0001-30	Av. Ibirapuera, 1753 - conj 202	1	Dr. Lineker Cruz Figueira
6	ATIVO	Banco Cruzeiro do Sul S.A Falido	PJ	62.136.254/0001-99		7	\N
9	ATIVO	Banco Cruzeiro do Sul	PJ	62.136.254/0001-99		5	\N
11	ATIVO	Banco Cruzeiro do Sul S.A Falido	PJ	62.136.254/0001-99		8	\N
12	PASSIVO	Luiz Mario Mandarino de Sa Freire	PF	568.306.707-30		8	\N
10	PASSIVO	Evanilton Miguel Lima	PF	273.215.177-72		5	\N
13	ATIVO	Banco Cruzeiro do Sul S.A Falido	PJ	62.136.254/0001-99		9	\N
14	PASSIVO	Luciano Fonseca Bolonheis	PF	007.082.669-24		9	\N
15	ATIVO	Banco Cruzeiro do Sul S.A Falido	PJ	62.136.254/0001-99		10	\N
16	PASSIVO	Leonardo dos Santos Correa	PF	08969558268		10	\N
17	ATIVO	Banco Cruzeiro do Sul S.A Falido	PJ	62.136.254/0001-99		11	\N
18	PASSIVO	Corina Pereira da Cruz	PF	040.689.178-84		11	\N
19	ATIVO	Banco Cruzeiro do Sul S.A Falido	PJ	62.136.254/0001-99		12	\N
20	PASSIVO	Antonia Aurinete de Souza Melo	PF	68871333187		12	\N
7	PASSIVO	Jocicleide de Oliveira Pereira	PF	123.067.702-04		7	\N
8	ATIVO	B6 Assignee Assets Ltda	PJ	49.380.692/0001-30		7	\N
21	ATIVO	Banco Cruzeiro do Sul	PJ	62.136.254/0001-99		13	\N
22	PASSIVO	Ronaldo de Almeida Carvalho	PF	162.240.944-20		13	\N
23	ATIVO	Banco Cruzeiro do Sul S.A Falido	PJ	62.136.254/0001-99		14	\N
24	PASSIVO	Geraldo Roberto Inacio	PF	57835438615		14	\N
25	ATIVO	Banco Cruzeiro do Sul S.A Falido	PJ	62.136.254/0001-99		15	\N
27	ATIVO	Banco Cruzeiro do Sul S.A Falido	PJ	62.136.254/0001-99		16	\N
28	PASSIVO	Willams Jams Santos de Araujo	PF	87184800397		16	\N
29	ATIVO	Banco Cruzeiro do Sul S.A Falido	PJ	62.136.254/0001-99		17	\N
31	ATIVO	Banco Cruzeiro do Sul	PJ	62.136.254/0001-99		18	\N
32	PASSIVO	Maria Laudiceia Oliveira de Souza	PF	56925301472		18	\N
33	ATIVO	Banco Cruzeiro do Sul S.A Falido	PJ	62.136.254/0001-99		19	\N
37	PASSIVO	Juracy Lima Soares	PF	01081019832		20	\N
30	PASSIVO	Mery Hasse	PF	652.576.509-91		17	\N
26	PASSIVO	Ana Dulce Bezerra da Cruz	PF	248.642.501-20		15	\N
34	ATIVO	2C Gestão de Ativos Ltda	PJ	47.583.833/0001-96		19	\N
35	PASSIVO	Aroldo Vieira de Sousa	PF	136.188.140-20		19	\N
38	ATIVO	Banco Cruzeiro do Sul S.A Falido	PJ	62.136.254/0001-99		21	\N
39	PASSIVO	Adaildo dos Santos Oliveira	PF	62138081249		21	\N
40	ATIVO	2C Gestão de Ativos Ltda	PJ	47583833000196		21	\N
41	ATIVO	Banco Cruzeiro do Sul S.A Falido	PJ	62.136.254/0001-99		22	\N
42	PASSIVO	Maria do Perpetuo Socorro Gomes Rodrigues	PF	19930330259		22	\N
43	ATIVO	B6 Assignee Assets Ltda	PJ	49380692000130		22	\N
36	ATIVO	Banco Cruzeiro do Sul S.A Falido	PJ	62.136.254/0001-99		20	\N
44	ATIVO	Banco Cruzeiro do Sul S.A Falido	PJ	62.136.254/0001-99		23	\N
45	PASSIVO	Rita Olivia Anneys Cardoso	PF	26322692534		23	\N
46	ATIVO	Banco Cruzeiro do Sul	PJ	62.136.254/0001-99		24	\N
47	PASSIVO	Devanir Antonio da Silva	PF	15143376904		24	\N
54	ATIVO	Banco Cruzeiro do Sul	PJ	62.136.254/0001-99		28	\N
55	PASSIVO	Rita Cunha Sales	PF	15202674287		28	\N
\.


--
-- Data for Name: contratos_parteprocessoadvogado; Type: TABLE DATA; Schema: public; Owner: maicon
--

COPY public.contratos_parteprocessoadvogado (id, advogado_id, parte_id) FROM stdin;
\.


--
-- Data for Name: contratos_prazo; Type: TABLE DATA; Schema: public; Owner: maicon
--

COPY public.contratos_prazo (id, titulo, data_limite, alerta_valor, alerta_unidade, observacoes, concluido, processo_id, responsavel_id) FROM stdin;
\.


--
-- Data for Name: contratos_processojudicial; Type: TABLE DATA; Schema: public; Owner: maicon
--

COPY public.contratos_processojudicial (id, cnj, uf, vara, tribunal, valor_causa, status_id, busca_ativa, titulo_processo, assunto, carteira_id) FROM stdin;
7	0706562-16.2019.8.01.0001	AC	4ª Vara Cível - Rio Branco	Tribunal de Justiça do Acre	449895.82	5	f	\N	\N	1
5	0820371-13.2016.8.15.2001	PB	6ª Vara Cível da Capital	TJPB	124906.33	2	f		Contratos Bancários	1
1	0012329-56.2024.8.26.0114	SP	4ª Vara CíVel Da Comarca De Campinas/SP	TJSP	140000.00	5	f	B6 Assignee Assets x Marina Oliveira Trindade	\N	1
22	6.0.12.05.1-0620258030001	AP	4ª Vara Cível e de Fazenda Pública de Macapá	Tribunal de Justiça do Amapá	83672.87	5	f	\N	\N	1
20	0.0.29.16.3-9520188260001	SP	2ª Vara Cível - Foro Regional I - Santana	Tribunal de Justiça de São Paulo	233605.79	2	f	\N	\N	1
13	0818947-33.2016.8.15.2001	PB	4ª Vara Cível da Capital	Tribunal de Justiça da Paraiba	92155.92	2	f	\N	\N	1
14	0.7.01.11.7-4420228070001	DF	20ª Vara Cível de Brasília	Tribunal de Justiça do Distrito Federal	386846.33	2	f	\N	\N	1
21	0.7.00.55.8-3320198010010	AC	Vara Única - Cível - Bujari	Tribunal de Justiça do Acre	128274.65	2	f	\N	\N	1
18	0.8.50.83.8-9120248152001	PB	1a. VARA REGIONAL DE MANGABEIRA	Tribunal de Justiça da Paraiba	45615.55	5	f	\N	\N	1
17	1.0.11.29.0-9120238110006	MT	2ª VARA CÍVEL DE CÁCERES	Tribunal de Justiça do Mato Grosso	181890.98	2	f	\N	\N	1
16	0.8.04.60.9-4120248100052	MA	1ª Vara de Pinheiro	Tribunal de Justiça do Maranhão	294698.00	5	f	\N	\N	1
15	0.7.02.25.8-6420198070014	DF	Vara Cível do Guará	Tribunal de Justiça do Distrito Federal	491355.28	5	f	\N	\N	1
23	0.5.27.91.9-6420158050001	BA	1ª VARA DE RELAÇÕES DE CONSUMO DA COMARCA DE SALVADOR	Tribunal de Justiça da Bahia	0.00	5	f	\N	\N	1
19	5.0.41.66.6-6720198210001	RS	1º Juízo da 10ª Vara Cível do Foro Central da Comarca de Porto Alegre	Tribunal de Justiça do Rio Grande do Sul	106688.76	2	t	\N	\N	1
24	7.0.00.94.0-3920198220017	RO	Alta Floresta do Oeste - Vara Única	Tribunal de Justiça do Rondônia	138315.20	30	f	\N	\N	\N
12	0000351-04.2023.8.27.2729	TO	Juízo da 4ª Vara Civel de Palmas	Tribunal de Justiça do Tocantins	52254.00	5	f	\N	\N	2
11	1009664-05.2023.8.26.0302	SP	3ª Vara Cível - Foro de Jaú	TJSP	32984.88	5	f	\N	\N	3
10	0853673-14.2019.8.14.0301	PA	5ª Vara Cível E Empresarial De Belém	Tribunal de Justiça do Pará	121814.59	5	f	\N	\N	1
9	0006348-25.2024.8.16.0017	PR	3ª Vara Cível e Empresarial Regional de Maringá	TJPR	972654.02	5	f	\N	\N	1
8	0610210-51.2015.8.04.0001	AM	3ª Vara Cível e de Acidentes de Trabalho - Capital - Fórum de Manaus	TJAM	199353.14	5	f			1
28	7.0.45.34.0-8920198220001	RO	Porto Velho - 5ª Vara Cível	Tribunal de Justiça do Rondônia	372599.46	30	f	\N	\N	1
\.


--
-- Data for Name: contratos_processojudicial_etiquetas; Type: TABLE DATA; Schema: public; Owner: maicon
--

COPY public.contratos_processojudicial_etiquetas (id, processojudicial_id, etiqueta_id) FROM stdin;
66	21	3
128	22	4
132	21	8
75	19	8
76	19	4
133	22	11
134	22	8
135	23	8
80	19	3
136	23	4
137	22	10
138	22	15
84	21	1
85	21	4
140	23	21
143	23	22
144	28	4
43	20	8
115	17	4
120	22	1
\.


--
-- Data for Name: contratos_statusprocessual; Type: TABLE DATA; Schema: public; Owner: maicon
--

COPY public.contratos_statusprocessual (id, nome, ordem, ativo) FROM stdin;
29	Cumprimento De Sentença (MESCLADO EM Cumprimento de Sentença)	0	f
30	Cumprimento De Sentença	0	t
5	Monitória	1	t
4	Execução	3	t
6	Apelação	4	t
2	Cumprimento de Sentença	2	t
\.


--
-- Data for Name: contratos_tarefa; Type: TABLE DATA; Schema: public; Owner: maicon
--

COPY public.contratos_tarefa (id, descricao, data, prioridade, concluida, lista_id, processo_id, responsavel_id) FROM stdin;
\.


--
-- Data for Name: django_admin_log; Type: TABLE DATA; Schema: public; Owner: maicon
--

COPY public.django_admin_log (id, action_time, object_id, object_repr, action_flag, change_message, content_type_id, user_id) FROM stdin;
1	2025-07-14 18:33:04.721524-03	1	0012329-56.2024.8.26.0114	1	[{"added": {}}, {"added": {"name": "parte", "object": "B6 Assignee Assets"}}, {"added": {"name": "parte", "object": "Marina Oliveira Trindade"}}, {"added": {"name": "contrato", "object": "0189811528"}}]	7	1
2	2025-07-14 18:33:21.000857-03	1	0012329-56.2024.8.26.0114	2	[]	7	1
3	2025-07-14 18:46:31.877395-03	1	0012329-56.2024.8.26.0114	2	[{"changed": {"name": "parte", "object": "Marina Oliveira Trindade", "fields": ["Endere\\u00e7o"]}}]	7	1
4	2025-07-15 10:00:50.485979-03	1	0012329-56.2024.8.26.0114	2	[{"changed": {"fields": ["Valor da Causa"]}}]	7	1
5	2025-07-15 10:29:38.548619-03	1	0012329-56.2024.8.26.0114	2	[{"changed": {"fields": ["Valor da Causa"]}}]	7	1
6	2025-07-15 10:45:14.419403-03	1	Monitória	1	[{"added": {}}]	10	1
7	2025-07-15 10:45:37.57728-03	1	Monitória	2	[]	10	1
8	2025-07-15 10:45:41.076623-03	1	Monitória	2	[]	10	1
9	2025-07-15 10:46:05.645814-03	2	Cumprimento de Senteça	1	[{"added": {}}]	10	1
10	2025-07-15 10:46:44.897221-03	1	Monitória	3		10	1
11	2025-07-15 10:46:59.690797-03	3	Monitória	1	[{"added": {}}]	10	1
12	2025-07-15 11:20:47.402494-03	4	Execução	1	[{"added": {}}]	10	1
13	2025-07-15 11:22:14.975507-03	3	Monitória	3		10	1
14	2025-07-15 12:01:28.310887-03	1	0012329-56.2024.8.26.0114	2	[]	7	1
15	2025-07-15 14:11:59.228346-03	5	Monitória	1	[{"added": {}}]	10	1
16	2025-07-15 14:12:09.546454-03	2	Cumprimento de Senteça	2	[{"changed": {"fields": ["Ordem"]}}]	10	1
17	2025-07-15 14:12:15.058231-03	4	Execução	2	[{"changed": {"fields": ["Ordem"]}}]	10	1
18	2025-07-15 15:24:24.456599-03	1	0012329-56.2024.8.26.0114	2	[]	7	1
19	2025-07-15 15:38:39.770784-03	1	0012329-56.2024.8.26.0114	2	[{"changed": {"fields": ["Status Processual"]}}]	7	1
20	2025-07-15 16:06:28.834308-03	4	Execução	2	[{"changed": {"fields": ["Ordem"]}}]	10	1
21	2025-07-15 16:20:51.465261-03	1	0012329-56.2024.8.26.0114	2	[]	7	1
22	2025-07-15 16:23:36.561633-03	1	0012329-56.2024.8.26.0114	2	[{"deleted": {"name": "contrato", "object": "0189811528"}}]	7	1
23	2025-07-15 16:24:21.067717-03	1	0012329-56.2024.8.26.0114	2	[]	7	1
24	2025-07-15 16:37:12.059826-03	6	Apelação	1	[{"added": {}}]	10	1
25	2025-07-15 19:14:19.683547-03	2	5041659-75.2019.8.21.0001	1	[{"added": {}}]	7	1
26	2025-07-15 19:27:00.264472-03	2	5041659-75.2019.8.21.0001	3		7	1
27	2025-07-16 12:22:34.773768-03	1	0012329-56.2024.8.26.0114	2	[{"changed": {"fields": ["Busca Ativa"]}}]	7	1
28	2025-07-16 12:22:51.733772-03	1	0012329-56.2024.8.26.0114	2	[{"changed": {"fields": ["Busca Ativa"]}}]	7	1
29	2025-07-16 13:29:54.474326-03	3	08509284120208152001	2	[]	7	1
30	2025-07-16 13:30:01.197096-03	3	08509284120208152001	3		7	1
31	2025-07-16 14:40:42.280372-03	1	0012329-56.2024.8.26.0114	2	[{"changed": {"fields": ["Vara"]}}]	7	1
32	2025-07-16 16:17:48.740714-03	4		1	[{"added": {}}, {"added": {"name": "parte", "object": "Banco Cruzeiro do Sul"}}]	7	1
33	2025-07-16 16:18:07.574644-03	4		2	[]	7	1
34	2025-07-16 16:18:21.570998-03	4		2	[]	7	1
35	2025-07-17 08:19:23.83672-03	1	0012329-56.2024.8.26.0114	2	[{"changed": {"fields": ["T\\u00edtulo do Processo"]}}]	7	1
36	2025-07-17 10:44:37.774813-03	4		3		7	1
37	2025-07-17 10:51:20.465392-03	2	Cumprimento de Sentença	2	[{"changed": {"fields": ["Nome do Status"]}}]	10	1
38	2025-07-17 11:55:41.421117-03	1	0012329-56.2024.8.26.0114	2	[{"changed": {"name": "parte", "object": "B6 Assignee Assets", "fields": ["Advogados"]}}]	7	1
39	2025-07-17 11:56:13.282755-03	1	0012329-56.2024.8.26.0114	2	[]	7	1
40	2025-07-17 11:56:19.544172-03	1	0012329-56.2024.8.26.0114	2	[]	7	1
41	2025-07-17 12:05:55.56642-03	5	0820371-13.2016.8.15.2001	1	[{"added": {}}]	7	1
42	2025-07-17 12:06:21.964708-03	5	0820371-13.2016.8.15.2001	2	[{"changed": {"fields": ["Status Processual"]}}]	7	1
43	2025-07-17 12:06:37.31522-03	5	0820371-13.2016.8.15.2001	2	[]	7	1
44	2025-07-17 12:06:45.582063-03	5	0820371-13.2016.8.15.2001	2	[]	7	1
45	2025-07-17 12:07:13.43457-03	5	0820371-13.2016.8.15.2001	2	[]	7	1
46	2025-07-17 12:08:54.191371-03	5	0820371-13.2016.8.15.2001	2	[]	7	1
47	2025-07-17 12:47:09.815105-03	5	0820371-13.2016.8.15.2001	2	[]	7	1
48	2025-07-17 13:11:56.601832-03	5	0820371-13.2016.8.15.2001	2	[]	7	1
49	2025-07-17 13:12:12.892396-03	5	0820371-13.2016.8.15.2001	2	[]	7	1
50	2025-07-17 13:21:35.678057-03	5	0820371-13.2016.8.15.2001	2	[]	7	1
51	2025-07-17 13:22:04.347067-03	5	0820371-13.2016.8.15.2001	2	[]	7	1
52	2025-07-17 13:30:05.771822-03	5	0820371-13.2016.8.15.2001	2	[{"changed": {"fields": ["UF"]}}]	7	1
53	2025-07-18 11:52:41.937385-03	6		1	[{"added": {}}, {"added": {"name": "parte", "object": "Banco Cruzeiro do Sul"}}, {"added": {"name": "parte", "object": "M\\u00e1rcio Caruso Dippolito"}}]	7	1
54	2025-07-18 13:08:34.955778-03	7	0706562-16.2019.8.01.0001	1	[{"added": {}}, {"added": {"name": "parte", "object": "Banco Cruzeiro do Sul S.A Falido"}}, {"added": {"name": "parte", "object": "Jocicleide de Oliveira Pereira"}}, {"added": {"name": "parte", "object": "B6 Assignee Assets Ltda"}}]	7	1
55	2025-07-18 13:08:46.802858-03	6		3		7	1
56	2025-07-18 13:09:14.062433-03	5	0820371-13.2016.8.15.2001	2	[{"changed": {"fields": ["Status Processual", "Tribunal"]}}, {"added": {"name": "parte", "object": "Banco Cruzeiro do Sul"}}, {"added": {"name": "parte", "object": "Evanilton Miguel Lima"}}]	7	1
57	2025-07-18 13:34:19.683241-03	8	0610210-51.2015.8.04.0001	1	[{"added": {}}, {"added": {"name": "parte", "object": "Banco Cruzeiro do Sul S.A Falido"}}, {"added": {"name": "parte", "object": "Luiz Mario Mandarino de Sa Freire"}}]	7	1
58	2025-07-18 14:38:25.397173-03	8	0610210-51.2015.8.04.0001	2	[{"changed": {"fields": ["Tribunal"]}}, {"changed": {"name": "parte", "object": "Luiz Mario Mandarino de Sa Freire", "fields": ["CPF / CNPJ"]}}]	7	1
59	2025-07-18 14:56:38.083829-03	8	0610210-51.2015.8.04.0001	2	[{"changed": {"fields": ["UF"]}}]	7	1
60	2025-07-18 15:33:58.525213-03	5	0820371-13.2016.8.15.2001	2	[{"changed": {"fields": ["Busca Ativa"]}}, {"changed": {"name": "parte", "object": "Evanilton Miguel Lima", "fields": ["CPF / CNPJ"]}}]	7	1
61	2025-07-18 16:14:54.33378-03	9	0006348-25.2024.8.16.0017	1	[{"added": {}}, {"added": {"name": "parte", "object": "Banco Cruzeiro do Sul S.A Falido"}}, {"added": {"name": "parte", "object": "Luciano Fonseca Bolonheis"}}]	7	1
62	2025-07-18 16:15:05.14843-03	9	0006348-25.2024.8.16.0017	2	[{"changed": {"fields": ["Tribunal"]}}, {"changed": {"name": "parte", "object": "Luciano Fonseca Bolonheis", "fields": ["CPF / CNPJ"]}}]	7	1
63	2025-07-18 16:19:43.653016-03	9	0006348-25.2024.8.16.0017	2	[]	7	1
64	2025-07-18 16:19:59.825031-03	9	0006348-25.2024.8.16.0017	2	[]	7	1
65	2025-07-18 16:20:28.131983-03	9	0006348-25.2024.8.16.0017	2	[]	7	1
66	2025-07-18 16:30:07.985304-03	9	0006348-25.2024.8.16.0017	2	[{"changed": {"fields": ["UF"]}}]	7	1
67	2025-07-18 16:30:40.829289-03	10	0853673-14.2019.8.14.0301	1	[{"added": {}}, {"added": {"name": "parte", "object": "Banco Cruzeiro do Sul S.A Falido"}}, {"added": {"name": "parte", "object": "Leonardo dos Santos Correa"}}]	7	1
68	2025-07-18 17:04:56.302125-03	11	1009664-05.2023.8.26.0302	1	[{"added": {}}, {"added": {"name": "parte", "object": "Banco Cruzeiro do Sul S.A Falido"}}, {"added": {"name": "parte", "object": "Corina Pereira da Cruz"}}]	7	1
69	2025-07-18 17:05:19.406712-03	11	1009664-05.2023.8.26.0302	2	[{"changed": {"fields": ["Busca Ativa", "Tribunal"]}}, {"changed": {"name": "parte", "object": "Corina Pereira da Cruz", "fields": ["CPF / CNPJ"]}}]	7	1
70	2025-07-18 17:09:39.819319-03	11	1009664-05.2023.8.26.0302	2	[]	7	1
71	2025-07-18 17:13:43.241845-03	11	1009664-05.2023.8.26.0302	2	[{"changed": {"fields": ["Busca Ativa"]}}]	7	1
72	2025-07-18 17:35:12.703459-03	11	1009664-05.2023.8.26.0302	2	[{"changed": {"fields": ["UF"]}}]	7	1
73	2025-07-18 17:40:29.340791-03	12	0000351-04.2023.8.27.2729	1	[{"added": {}}, {"added": {"name": "parte", "object": "Banco Cruzeiro do Sul S.A Falido"}}, {"added": {"name": "parte", "object": "Antonia Aurinete de Souza Melo"}}]	7	1
74	2025-07-18 18:30:52.390797-03	7	0706562-16.2019.8.01.0001	2	[{"changed": {"name": "parte", "object": "Jocicleide de Oliveira Pereira", "fields": ["CPF / CNPJ"]}}, {"changed": {"name": "parte", "object": "B6 Assignee Assets Ltda", "fields": ["CPF / CNPJ"]}}]	7	1
76	2025-07-21 10:50:59.977788-03	11	40 - Monitória	2	[{"changed": {"fields": ["Ordem"]}}]	10	1
77	2025-07-21 10:51:36.174579-03	7	MONITÓRIA (40)	2	[{"changed": {"fields": ["Ordem"]}}]	10	1
78	2025-07-21 10:54:19.663604-03	11	40 - Monitória	2	[{"changed": {"fields": ["Ordem"]}}]	10	1
79	2025-07-21 10:54:26.609719-03	7	MONITÓRIA (40)	2	[{"changed": {"fields": ["Ordem"]}}]	10	1
80	2025-07-21 11:34:12.772046-03	11	40 - Monitória	2	[{"changed": {"fields": ["Ordem"]}}]	10	1
81	2025-07-21 11:36:17.780036-03	11	40 - Monitória	2	[]	10	1
82	2025-07-21 11:36:33.795283-03	11	40 - Monitória	2	[{"changed": {"fields": ["Ordem"]}}]	10	1
83	2025-07-21 11:36:53.274481-03	7	MONITÓRIA (40)	2	[{"changed": {"fields": ["Ordem"]}}]	10	1
84	2025-07-21 11:37:21.852733-03	11	40 - Monitória	2	[{"changed": {"fields": ["Ordem"]}}]	10	1
85	2025-07-21 11:39:36.65708-03	8	Cumprimento de sentença	2	[{"changed": {"fields": ["Ordem"]}}]	10	1
86	2025-07-21 12:27:00.074143-03	11	40 - Monitória	2	[{"changed": {"fields": ["Ordem"]}}]	10	1
87	2025-07-21 12:27:00.076362-03	7	MONITÓRIA (40)	2	[{"changed": {"fields": ["Ordem"]}}]	10	1
88	2025-07-21 12:27:12.18318-03	8	Cumprimento de sentença	2	[{"changed": {"fields": ["Ordem"]}}]	10	1
89	2025-07-21 12:27:23.820607-03	11	40 - Monitória	2	[{"changed": {"fields": ["Ordem"]}}]	10	1
90	2025-07-21 12:27:41.135896-03	11	40 - Monitória	2	[{"changed": {"fields": ["Ordem"]}}]	10	1
91	2025-07-21 12:27:47.842632-03	11	40 - Monitória	2	[{"changed": {"fields": ["Ordem"]}}]	10	1
92	2025-07-21 12:33:30.964039-03	7	MONITÓRIA (40)	2	[{"changed": {"fields": ["Ordem"]}}]	10	1
93	2025-07-21 12:33:42.269106-03	7	MONITÓRIA (40)	2	[{"changed": {"fields": ["Ordem"]}}]	10	1
94	2025-07-21 12:33:46.076067-03	7	MONITÓRIA (40)	2	[{"changed": {"fields": ["Ordem"]}}]	10	1
95	2025-07-21 12:34:07.624145-03	9	CUMPRIMENTO DE SENTENÇA (156)	2	[{"changed": {"fields": ["Ordem"]}}]	10	1
96	2025-07-21 12:34:59.977073-03	11	40 - Monitória	2	[{"changed": {"fields": ["Ordem"]}}]	10	1
97	2025-07-21 12:35:04.924042-03	7	MONITÓRIA (40)	2	[{"changed": {"fields": ["Ordem"]}}]	10	1
98	2025-07-21 12:38:12.484527-03	7	MONITÓRIA (40)	2	[{"changed": {"fields": ["Ordem"]}}]	10	1
99	2025-07-21 12:38:25.570853-03	7	MONITÓRIA (40)	2	[{"changed": {"fields": ["Ordem"]}}]	10	1
100	2025-07-21 12:38:39.231328-03	7	MONITÓRIA (40)	2	[{"changed": {"fields": ["Ordem"]}}]	10	1
101	2025-07-21 12:41:03.066757-03	7	MONITÓRIA (40)	2	[{"changed": {"fields": ["Ordem"]}}]	10	1
102	2025-07-21 12:41:05.832345-03	7	MONITÓRIA (40)	2	[{"changed": {"fields": ["Ordem"]}}]	10	1
103	2025-07-21 12:41:14.399494-03	8	Cumprimento de sentença	2	[{"changed": {"fields": ["Ordem"]}}]	10	1
104	2025-07-21 12:42:26.782374-03	11	40 - Monitória	2	[{"changed": {"fields": ["Ordem"]}}]	10	1
105	2025-07-21 12:44:34.199643-03	11	40 - Monitória	2	[{"changed": {"fields": ["Ordem"]}}]	10	1
106	2025-07-21 12:44:34.200886-03	8	Cumprimento de sentença	2	[{"changed": {"fields": ["Ordem"]}}]	10	1
107	2025-07-21 12:44:34.201657-03	7	MONITÓRIA (40)	2	[{"changed": {"fields": ["Ordem"]}}]	10	1
108	2025-07-21 12:44:40.687619-03	7	MONITÓRIA (40)	2	[{"changed": {"fields": ["Ordem"]}}]	10	1
109	2025-07-21 13:05:08.275536-03	7	MONITÓRIA (40)	2	[{"changed": {"fields": ["Ordem"]}}]	10	1
110	2025-07-21 13:05:22.841643-03	2	Cumprimento de Sentença	2	[{"changed": {"fields": ["Ordem"]}}]	10	1
111	2025-07-21 13:05:35.293054-03	7	MONITÓRIA (40)	2	[{"changed": {"fields": ["Ordem"]}}]	10	1
112	2025-07-21 13:05:53.584436-03	11	40 - Monitória	2	[{"changed": {"fields": ["Ordem"]}}]	10	1
113	2025-07-21 13:06:55.767535-03	11	40 - Monitória	2	[{"changed": {"fields": ["Ordem"]}}]	10	1
114	2025-07-21 13:09:26.449301-03	11	40 - Monitória	2	[{"changed": {"fields": ["Ordem"]}}]	10	1
115	2025-07-21 13:09:43.188646-03	11	40 - Monitória	2	[{"changed": {"fields": ["Ordem"]}}]	10	1
116	2025-07-21 13:15:15.908957-03	7	MONITÓRIA (40)	2	[{"changed": {"fields": ["Ordem"]}}]	10	1
117	2025-07-21 13:17:24.833917-03	7	MONITÓRIA (40)	2	[{"changed": {"fields": ["Ordem"]}}]	10	1
118	2025-07-21 13:21:32.535348-03	5	0820371-13.2016.8.15.2001	2	[{"changed": {"fields": ["Status Processual", "Tribunal"]}}]	7	1
119	2025-07-21 13:24:18.508714-03	9	CUMPRIMENTO DE SENTENÇA (156)	2	[{"changed": {"fields": ["Ordem"]}}]	10	1
120	2025-07-21 13:24:25.307466-03	2	Cumprimento de Sentença	2	[{"changed": {"fields": ["Ordem"]}}]	10	1
121	2025-07-21 13:36:34.477876-03	11	40 - Monitória	2	[{"changed": {"fields": ["Ativo"]}}]	10	1
122	2025-07-21 13:36:34.47918-03	10	CUMPRIMENTO DE SENTENÇA	2	[{"changed": {"fields": ["Ativo"]}}]	10	1
123	2025-07-21 13:36:34.479987-03	9	CUMPRIMENTO DE SENTENÇA (156)	2	[{"changed": {"fields": ["Ativo"]}}]	10	1
124	2025-07-21 13:36:34.480809-03	8	Cumprimento de sentença	2	[{"changed": {"fields": ["Ativo"]}}]	10	1
125	2025-07-21 13:36:34.481729-03	7	MONITÓRIA (40)	2	[{"changed": {"fields": ["Ativo"]}}]	10	1
126	2025-07-21 13:39:03.315167-03	13	0818947-33.2016.8.15.2001	1	[{"added": {}}, {"added": {"name": "parte", "object": "Banco Cruzeiro do Sul"}}, {"added": {"name": "parte", "object": "Ronaldo de Almeida Carvalho"}}]	7	1
127	2025-07-21 13:39:39.053295-03	9	CUMPRIMENTO DE SENTENÇA (156)	2	[{"changed": {"fields": ["Ordem"]}}]	10	1
311	2025-07-30 15:38:49.689225-03	1	PETICIONAR HABILITAÇÃO	1	[{"added": {}}]	20	1
128	2025-07-21 13:39:48.544694-03	9	CUMPRIMENTO DE SENTENÇA (156)	2	[{"changed": {"fields": ["Ativo"]}}]	10	1
129	2025-07-21 13:40:41.332668-03	9	CUMPRIMENTO DE SENTENÇA (156)	2	[{"changed": {"fields": ["Ativo"]}}]	10	1
130	2025-07-21 13:48:52.415812-03	9	CUMPRIMENTO DE SENTENÇA (156)	2	[{"changed": {"fields": ["Ordem"]}}]	10	1
131	2025-07-21 13:49:06.19389-03	9	CUMPRIMENTO DE SENTENÇA (156)	2	[{"changed": {"fields": ["Ordem"]}}]	10	1
132	2025-07-21 13:49:11.718723-03	9	CUMPRIMENTO DE SENTENÇA (156)	2	[{"changed": {"fields": ["Ordem"]}}]	10	1
133	2025-07-21 13:49:15.985493-03	9	CUMPRIMENTO DE SENTENÇA (156)	2	[{"changed": {"fields": ["Ativo"]}}]	10	1
134	2025-07-21 13:50:03.805919-03	11	40 - Monitória	2	[{"changed": {"fields": ["Ativo"]}}]	10	1
135	2025-07-21 15:02:04.967764-03	11	40 - Monitória	2	[{"changed": {"fields": ["Ativo"]}}]	10	1
136	2025-07-21 16:32:19.291243-03	11	40 - Monitória	3		10	1
137	2025-07-21 16:32:19.291281-03	10	CUMPRIMENTO DE SENTENÇA	3		10	1
138	2025-07-21 16:32:19.291305-03	9	CUMPRIMENTO DE SENTENÇA (156)	3		10	1
139	2025-07-21 16:32:19.291321-03	8	Cumprimento de sentença	3		10	1
140	2025-07-21 16:32:19.291335-03	7	MONITÓRIA (40)	3		10	1
141	2025-07-21 17:23:13.898867-03	1	BCS	1	[{"added": {}}]	14	1
142	2025-07-21 17:23:29.890904-03	13	0818947-33.2016.8.15.2001	2	[{"changed": {"fields": ["Carteira"]}}, {"changed": {"name": "parte", "object": "Ronaldo de Almeida Carvalho", "fields": ["CPF / CNPJ"]}}]	7	1
143	2025-07-21 17:26:08.111779-03	13	0818947-33.2016.8.15.2001	2	[{"changed": {"fields": ["Valor da Causa"]}}]	7	1
144	2025-07-21 17:55:53.017011-03	13	0818947-33.2016.8.15.2001	2	[]	7	1
145	2025-07-21 18:57:29.705134-03	13	0818947-33.2016.8.15.2001	2	[{"changed": {"fields": ["Valor da Causa"]}}]	7	1
146	2025-07-21 18:57:43.513841-03	13	0818947-33.2016.8.15.2001	2	[{"changed": {"fields": ["Valor da Causa"]}}]	7	1
147	2025-07-21 19:15:45.229399-03	13	0818947-33.2016.8.15.2001	2	[{"changed": {"fields": ["valor_causa"]}}]	7	1
148	2025-07-21 19:19:57.820318-03	13	0818947-33.2016.8.15.2001	2	[{"changed": {"fields": ["valor_causa"]}}]	7	1
149	2025-07-21 19:22:37.248814-03	13	0818947-33.2016.8.15.2001	2	[{"changed": {"fields": ["valor_causa"]}}]	7	1
150	2025-07-21 19:23:06.786939-03	13	0818947-33.2016.8.15.2001	2	[{"changed": {"fields": ["valor_causa"]}}]	7	1
151	2025-07-21 19:24:15.590761-03	13	0818947-33.2016.8.15.2001	2	[{"changed": {"fields": ["valor_causa"]}}]	7	1
152	2025-07-22 11:15:38.247937-03	13	0818947-33.2016.8.15.2001	2	[{"changed": {"fields": ["valor_causa"]}}]	7	1
153	2025-07-22 11:35:35.43067-03	13	0818947-33.2016.8.15.2001	2	[{"changed": {"fields": ["valor_causa"]}}]	7	1
154	2025-07-22 11:36:18.887388-03	13	0818947-33.2016.8.15.2001	2	[{"changed": {"fields": ["valor_causa"]}}]	7	1
155	2025-07-22 11:36:33.909697-03	13	0818947-33.2016.8.15.2001	2	[{"changed": {"fields": ["valor_causa"]}}]	7	1
156	2025-07-22 11:36:50.02146-03	13	0818947-33.2016.8.15.2001	2	[{"changed": {"fields": ["valor_causa"]}}]	7	1
157	2025-07-22 11:38:01.978735-03	13	0818947-33.2016.8.15.2001	2	[{"changed": {"fields": ["valor_causa"]}}]	7	1
158	2025-07-22 11:41:13.009668-03	13	0818947-33.2016.8.15.2001	2	[{"changed": {"fields": ["valor_causa"]}}]	7	1
159	2025-07-22 11:41:20.64022-03	13	0818947-33.2016.8.15.2001	2	[{"changed": {"fields": ["valor_causa"]}}]	7	1
160	2025-07-22 11:42:13.126829-03	9	0006348-25.2024.8.16.0017	2	[{"changed": {"fields": ["valor_causa"]}}]	7	1
161	2025-07-22 12:05:06.132401-03	13	0818947-33.2016.8.15.2001	2	[{"changed": {"fields": ["valor_causa"]}}]	7	1
162	2025-07-22 12:11:20.64769-03	2	Teste	1	[{"added": {}}]	14	1
163	2025-07-22 12:11:48.04086-03	12	0000351-04.2023.8.27.2729	2	[{"changed": {"fields": ["Carteira", "valor_causa"]}}]	7	1
164	2025-07-22 12:12:09.288789-03	3	Teste 2	1	[{"added": {}}]	14	1
165	2025-07-22 12:12:13.746743-03	11	1009664-05.2023.8.26.0302	2	[{"changed": {"fields": ["Carteira", "valor_causa"]}}]	7	1
166	2025-07-22 12:12:36.676126-03	10	0853673-14.2019.8.14.0301	2	[{"changed": {"fields": ["Carteira", "valor_causa"]}}]	7	1
167	2025-07-22 12:12:47.7923-03	9	0006348-25.2024.8.16.0017	2	[{"changed": {"fields": ["Carteira", "valor_causa"]}}]	7	1
168	2025-07-22 12:12:57.718908-03	8	0610210-51.2015.8.04.0001	2	[{"changed": {"fields": ["Carteira", "valor_causa"]}}]	7	1
169	2025-07-22 12:13:08.648727-03	7	0706562-16.2019.8.01.0001	2	[{"changed": {"fields": ["Carteira", "valor_causa"]}}]	7	1
170	2025-07-22 12:13:22.609279-03	5	0820371-13.2016.8.15.2001	2	[{"changed": {"fields": ["Carteira", "valor_causa"]}}]	7	1
171	2025-07-22 12:13:35.76506-03	1	0012329-56.2024.8.26.0114	2	[{"changed": {"fields": ["Carteira", "valor_causa"]}}]	7	1
172	2025-07-22 12:35:33.312253-03	13	0818947-33.2016.8.15.2001	2	[{"changed": {"fields": ["Busca Ativa", "valor_causa"]}}]	7	1
173	2025-07-22 12:37:14.80604-03	13	0818947-33.2016.8.15.2001	2	[{"changed": {"fields": ["Busca Ativa", "valor_causa"]}}]	7	1
174	2025-07-22 12:58:39.921062-03	12	CUMPRIMENTO DE SENTENÇA (156)	2	[{"changed": {"fields": ["Ordem"]}}]	10	1
175	2025-07-22 13:17:21.960714-03	12	CUMPRIMENTO DE SENTENÇA (156)	2	[{"changed": {"fields": ["Ativo"]}}]	10	1
176	2025-07-22 13:17:30.493487-03	12	CUMPRIMENTO DE SENTENÇA (156)	2	[{"changed": {"fields": ["Ordem"]}}]	10	1
177	2025-07-22 13:17:32.349584-03	12	CUMPRIMENTO DE SENTENÇA (156)	2	[{"changed": {"fields": ["Ativo"]}}]	10	1
178	2025-07-22 13:18:04.463223-03	12	CUMPRIMENTO DE SENTENÇA (156)	2	[{"changed": {"fields": ["Ativo"]}}]	10	1
179	2025-07-22 13:19:30.610639-03	12	CUMPRIMENTO DE SENTENÇA (156)	3		10	1
180	2025-07-22 13:31:18.758869-03	14	0.7.01.11.7-4420228070001	1	[{"added": {}}, {"added": {"name": "parte", "object": "Banco Cruzeiro do Sul S.A Falido"}}, {"added": {"name": "parte", "object": "Geraldo Roberto Inacio"}}]	7	1
181	2025-07-22 13:36:15.674037-03	15	0.7.02.25.8-6420198070014	1	[{"added": {}}, {"added": {"name": "parte", "object": "Banco Cruzeiro do Sul S.A Falido"}}, {"added": {"name": "parte", "object": "Ana Dulce Bezerra da Cruz"}}]	7	1
182	2025-07-22 13:45:52.777987-03	16	0.8.04.60.9-4120248100052	1	[{"added": {}}, {"added": {"name": "parte", "object": "Banco Cruzeiro do Sul S.A Falido"}}, {"added": {"name": "parte", "object": "Willams Jams Santos de Araujo"}}]	7	1
183	2025-07-22 13:46:30.279225-03	14	MONITÓRIA (40)	2	[{"changed": {"fields": ["Ordem"]}}]	10	1
184	2025-07-22 13:47:02.1307-03	14	MONITÓRIA (40)	2	[{"changed": {"fields": ["Ordem"]}}]	10	1
185	2025-07-22 13:47:10.265163-03	14	MONITÓRIA (40)	2	[{"changed": {"fields": ["Ordem"]}}]	10	1
186	2025-07-22 13:47:45.547014-03	14	MONITÓRIA (40)	2	[{"changed": {"fields": ["Ordem"]}}]	10	1
187	2025-07-22 13:47:50.237427-03	14	MONITÓRIA (40)	2	[{"changed": {"fields": ["Ativo"]}}]	10	1
188	2025-07-22 13:48:13.185225-03	14	MONITÓRIA (40)	2	[{"changed": {"fields": ["Ativo"]}}]	10	1
189	2025-07-22 13:48:21.776634-03	14	MONITÓRIA (40)	2	[{"changed": {"fields": ["Ordem"]}}]	10	1
190	2025-07-22 13:48:35.209411-03	16	0.8.04.60.9-4120248100052	2	[{"changed": {"fields": ["Status Processual", "valor_causa"]}}]	7	1
191	2025-07-22 13:48:40.158375-03	14	MONITÓRIA (40)	2	[{"changed": {"fields": ["Ordem"]}}]	10	1
192	2025-07-22 13:48:44.612807-03	14	MONITÓRIA (40)	2	[{"changed": {"fields": ["Ordem"]}}]	10	1
193	2025-07-22 13:49:27.173632-03	17	1.0.11.29.0-9120238110006	1	[{"added": {}}, {"added": {"name": "parte", "object": "Banco Cruzeiro do Sul S.A Falido"}}, {"added": {"name": "parte", "object": "Mery Hasse"}}]	7	1
194	2025-07-22 13:49:52.90155-03	15	CUMPRIMENTO DE SENTENÇA	2	[{"changed": {"fields": ["Ordem"]}}]	10	1
195	2025-07-22 13:53:47.306955-03	14	MONITÓRIA (40)	2	[{"changed": {"fields": ["Ordem"]}}]	10	1
196	2025-07-22 13:54:12.691791-03	2	Cumprimento de Sentença	2	[{"changed": {"fields": ["Ordem"]}}]	10	1
197	2025-07-22 13:54:31.844927-03	15	CUMPRIMENTO DE SENTENÇA	2	[{"changed": {"fields": ["Ordem"]}}]	10	1
198	2025-07-22 13:54:39.928929-03	2	Cumprimento de Sentença	2	[{"changed": {"fields": ["Ordem"]}}]	10	1
199	2025-07-22 14:03:06.180978-03	18	0.8.50.83.8-9120248152001	1	[{"added": {}}, {"added": {"name": "parte", "object": "Banco Cruzeiro do Sul"}}, {"added": {"name": "parte", "object": "Maria Laudiceia Oliveira de Souza"}}]	7	1
200	2025-07-22 15:16:58.249113-03	19	5.0.41.66.6-6720198210001	1	[{"added": {}}, {"added": {"name": "parte", "object": "Banco Cruzeiro do Sul S.A Falido"}}, {"added": {"name": "parte", "object": "2C Gest\\u00e3o de Ativos Ltda"}}, {"added": {"name": "parte", "object": "Aroldo Vieira de Sousa"}}]	7	1
201	2025-07-22 15:31:01.562565-03	20	0.0.29.16.3-9520188260001	1	[{"added": {}}, {"added": {"name": "parte", "object": "Banco Cruzeiro do Sul S.A Falido"}}, {"added": {"name": "parte", "object": "Juracy Lima Soares"}}]	7	1
202	2025-07-22 15:31:58.763005-03	16	PROCEDIMENTO COMUM CÍVEL (7)	2	[{"changed": {"fields": ["Ativo"]}}]	10	1
203	2025-07-22 15:36:33.32442-03	4	DDL	1	[{"added": {}}]	14	1
204	2025-07-22 15:36:49.518389-03	3	Teste B	2	[{"changed": {"fields": ["Nome da Carteira"]}}]	14	1
205	2025-07-22 15:36:56.21815-03	2	Teste A	2	[{"changed": {"fields": ["Nome da Carteira"]}}]	14	1
206	2025-07-22 15:37:07.271632-03	4	Teste C	2	[{"changed": {"fields": ["Nome da Carteira"]}}]	14	1
207	2025-07-22 15:37:55.570746-03	17	1.0.11.29.0-9120238110006	2	[{"changed": {"fields": ["Status Processual", "Carteira", "valor_causa"]}}, {"changed": {"name": "parte", "object": "Mery Hasse", "fields": ["CPF / CNPJ"]}}]	7	1
208	2025-07-22 15:38:37.359123-03	16	0.8.04.60.9-4120248100052	2	[{"changed": {"fields": ["Carteira", "valor_causa"]}}]	7	1
209	2025-07-22 15:59:32.95091-03	15	CUMPRIMENTO DE SENTENÇA	2	[{"changed": {"fields": ["Ordem", "Ativo"]}}]	10	1
210	2025-07-22 16:03:52.304935-03	5	Teste 4	1	[{"added": {}}]	14	1
211	2025-07-22 16:42:48.802436-03	15	0.7.02.25.8-6420198070014	2	[{"changed": {"fields": ["Status Processual", "valor_causa"]}}, {"changed": {"name": "parte", "object": "Ana Dulce Bezerra da Cruz", "fields": ["CPF / CNPJ"]}}]	7	1
212	2025-07-22 17:12:25.727196-03	25	Cumprimento De Sentença	2	[{"changed": {"fields": ["Ordem"]}}]	10	1
213	2025-07-22 17:12:38.184997-03	25	Cumprimento De Sentença	2	[{"changed": {"fields": ["Ordem"]}}]	10	1
214	2025-07-22 17:12:45.135119-03	25	Cumprimento De Sentença	2	[{"changed": {"fields": ["Ordem"]}}]	10	1
215	2025-07-22 17:13:15.163722-03	13	CUMPRIMENTO DE SENTENÇA (156)	3		10	1
216	2025-07-22 17:13:15.163754-03	14	MONITÓRIA (40)	3		10	1
217	2025-07-22 17:13:15.163771-03	16	PROCEDIMENTO COMUM CÍVEL (7)	3		10	1
218	2025-07-22 17:13:15.163785-03	15	CUMPRIMENTO DE SENTENÇA	3		10	1
219	2025-07-22 17:13:22.812837-03	25	Cumprimento De Sentença	2	[{"changed": {"fields": ["Ordem"]}}]	10	1
220	2025-07-22 17:13:29.424669-03	25	Cumprimento De Sentença	2	[{"changed": {"fields": ["Ordem"]}}]	10	1
221	2025-07-22 17:20:49.990368-03	25	Cumprimento De Sentença	2	[{"changed": {"fields": ["Ordem"]}}]	10	1
222	2025-07-22 17:21:00.79373-03	25	Cumprimento De Sentença	2	[{"changed": {"fields": ["Ordem"]}}]	10	1
223	2025-07-22 17:21:19.395879-03	25	Cumprimento De Sentença	2	[{"changed": {"fields": ["Ordem"]}}]	10	1
224	2025-07-22 17:21:23.853959-03	25	Cumprimento De Sentença	2	[{"changed": {"fields": ["Ordem"]}}]	10	1
225	2025-07-22 17:26:58.212579-03	25	Cumprimento De Sentença	2	[{"changed": {"fields": ["Ordem"]}}]	10	1
226	2025-07-22 17:27:16.235413-03	25	Cumprimento De Sentença (MESCLADO EM Cumprimento de Sentença)	2	[{"changed": {"fields": ["Ordem"]}}]	10	1
227	2025-07-22 17:31:36.925703-03	26	MONITÓRIA	1	[{"added": {}}]	10	1
228	2025-07-22 17:31:58.153941-03	26	MONITÓRIA (MESCLADO EM Monitória)	2	[{"changed": {"fields": ["Ordem"]}}]	10	1
229	2025-07-22 17:38:03.76668-03	25	Cumprimento De Sentença (MESCLADO EM Cumprimento de Sentença)	3		10	1
230	2025-07-22 17:38:03.766714-03	26	MONITÓRIA (MESCLADO EM Monitória)	3		10	1
231	2025-07-22 17:38:21.041938-03	5	Teste D	2	[{"changed": {"fields": ["Nome da Carteira"]}}]	14	1
232	2025-07-22 17:54:38.434599-03	6	Teste E	1	[{"added": {}}]	14	1
233	2025-07-22 19:22:07.725791-03	20	0.0.29.16.3-9520188260001	2	[{"changed": {"fields": ["valor_causa"]}}, {"changed": {"name": "parte", "object": "Banco Cruzeiro do Sul S.A Falido 2323", "fields": ["Nome / Raz\\u00e3o Social"]}}]	7	1
234	2025-07-23 14:57:10.626921-03	1	URGENTE	1	[{"added": {}}]	16	1
235	2025-07-23 15:16:13.342769-03	2	Laspro	1	[{"added": {}}]	16	1
236	2025-07-23 15:16:17.911047-03	2	Laspro	2	[{"changed": {"fields": ["Ordem"]}}]	16	1
237	2025-07-23 15:16:31.047373-03	2	LASPRO	2	[{"changed": {"fields": ["Nome da Etiqueta"]}}]	16	1
238	2025-07-23 15:16:38.337301-03	2	LASPRO	2	[]	16	1
239	2025-07-23 15:19:48.733265-03	2	LASPRO	2	[{"changed": {"fields": ["Cor da Fonte"]}}]	16	1
240	2025-07-23 15:19:57.584303-03	2	LASPRO	2	[{"changed": {"fields": ["Cor da Fonte"]}}]	16	1
241	2025-07-23 15:20:05.681028-03	2	LASPRO	2	[{"changed": {"fields": ["Cor da Fonte"]}}]	16	1
242	2025-07-23 15:29:12.449631-03	3	MAICON	1	[{"added": {}}]	16	1
243	2025-07-23 15:29:25.001358-03	3	MAICON	2	[{"changed": {"fields": ["Ordem"]}}]	16	1
244	2025-07-23 15:31:05.196292-03	19	5.0.41.66.6-6720198210001	2	[{"changed": {"fields": ["Busca Ativa", "valor_causa"]}}]	7	1
245	2025-07-23 15:33:37.205929-03	19	5.0.41.66.6-6720198210001	2	[{"changed": {"fields": ["valor_causa"]}}]	7	1
246	2025-07-23 15:38:29.473312-03	19	5.0.41.66.6-6720198210001	2	[{"changed": {"fields": ["Status Processual", "valor_causa"]}}, {"changed": {"name": "parte", "object": "2C Gest\\u00e3o de Ativos Ltda", "fields": ["CPF / CNPJ"]}}, {"changed": {"name": "parte", "object": "Aroldo Vieira de Sousa", "fields": ["CPF / CNPJ"]}}]	7	1
247	2025-07-23 15:39:22.442804-03	19	5.0.41.66.6-6720198210001	2	[{"changed": {"fields": ["Busca Ativa", "valor_causa"]}}]	7	1
309	2025-07-28 16:40:27.938439-03	23	0.5.27.91.9-6420158050001	1	[{"added": {}}, {"added": {"name": "parte", "object": "Banco Cruzeiro do Sul S.A Falido"}}, {"added": {"name": "parte", "object": "Rita Olivia Anneys Cardoso"}}]	7	1
248	2025-07-23 17:48:30.678659-03	21	0.7.00.55.8-3320198010010	1	[{"added": {}}, {"added": {"name": "parte", "object": "Banco Cruzeiro do Sul S.A Falido"}}, {"added": {"name": "parte", "object": "Adaildo dos Santos Oliveira"}}, {"added": {"name": "parte", "object": "2C Gest\\u00e3o de Ativos Ltda"}}]	7	1
249	2025-07-23 18:30:21.939469-03	27	Cumprimento De Sentença	2	[{"changed": {"fields": ["Ordem"]}}]	10	1
250	2025-07-23 18:30:47.058924-03	27	Cumprimento De Sentença	2	[{"changed": {"fields": ["Ordem"]}}]	10	1
251	2025-07-23 18:31:06.426926-03	27	Cumprimento De Sentença	2	[{"changed": {"fields": ["Ordem"]}}]	10	1
252	2025-07-23 18:42:19.707666-03	4	TESTANDO	1	[{"added": {}}]	16	1
253	2025-07-23 18:42:36.409318-03	4	TESTANDO	3		16	1
254	2025-07-23 18:42:50.89301-03	27	Cumprimento De Sentença	2	[{"changed": {"fields": ["Ordem"]}}]	10	1
255	2025-07-23 18:58:18.547552-03	27	Cumprimento De Sentença	2	[{"changed": {"fields": ["Ordem"]}}]	10	1
256	2025-07-23 18:58:25.451087-03	27	Cumprimento De Sentença	2	[{"changed": {"fields": ["Ordem"]}}]	10	1
257	2025-07-23 19:00:28.424634-03	27	Cumprimento De Sentença	2	[{"changed": {"fields": ["Ordem"]}}]	10	1
258	2025-07-23 19:00:35.47934-03	27	Cumprimento De Sentença (MESCLADO EM Cumprimento de Sentença)	2	[{"changed": {"fields": ["Ordem"]}}]	10	1
259	2025-07-23 19:00:57.047621-03	27	Cumprimento De Sentença (MESCLADO EM Cumprimento de Sentença)	2	[{"changed": {"fields": ["Ativo"]}}]	10	1
260	2025-07-23 19:01:07.373918-03	27	Cumprimento De Sentença	2	[{"changed": {"fields": ["Nome do Status"]}}]	10	1
261	2025-07-23 19:01:15.556753-03	27	Cumprimento De Sentença (MESCLADO EM Cumprimento de Sentença)	2	[{"changed": {"fields": ["Ordem"]}}]	10	1
262	2025-07-23 19:03:54.08798-03	27	Cumprimento De Sentença (MESCLADO EM Cumprimento de Sentença)	2	[{"changed": {"fields": ["Ativo"]}}]	10	1
263	2025-07-23 19:04:05.627534-03	27	Cumprimento De Sentença	2	[{"changed": {"fields": ["Nome do Status"]}}]	10	1
264	2025-07-23 19:04:10.230814-03	27	Cumprimento De Sentença (MESCLADO EM Cumprimento de Sentença)	2	[{"changed": {"fields": ["Ordem"]}}]	10	1
265	2025-07-23 19:09:02.490883-03	27	Cumprimento De Sentença (MESCLADO EM Cumprimento de Sentença)	2	[{"changed": {"fields": ["Ativo"]}}]	10	1
266	2025-07-23 19:09:23.019671-03	27	Cumprimento De Sentença	2	[{"changed": {"fields": ["Nome do Status"]}}]	10	1
267	2025-07-23 19:09:30.392868-03	27	Cumprimento De Sentença	2	[{"changed": {"fields": ["Ordem"]}}]	10	1
268	2025-07-23 19:11:06.054979-03	27	Cumprimento De Sentença	2	[{"changed": {"fields": ["Ordem"]}}]	10	1
269	2025-07-23 19:11:11.126769-03	27	Cumprimento De Sentença (MESCLADO EM Cumprimento de Sentença)	2	[{"changed": {"fields": ["Ordem"]}}]	10	1
270	2025-07-23 19:13:32.858006-03	27	Cumprimento De Sentença (MESCLADO EM Cumprimento de Sentença)	2	[{"changed": {"fields": ["Ativo"]}}]	10	1
271	2025-07-23 19:13:40.987972-03	27	Cumprimento De Sentença	2	[{"changed": {"fields": ["Nome do Status"]}}]	10	1
272	2025-07-23 19:13:46.641654-03	27	Cumprimento De Sentença (MESCLADO EM Cumprimento de Sentença)	2	[{"changed": {"fields": ["Ordem"]}}]	10	1
273	2025-07-23 19:16:18.592713-03	27	Cumprimento De Sentença (MESCLADO EM Cumprimento de Sentença)	2	[{"changed": {"fields": ["Ativo"]}}]	10	1
274	2025-07-23 19:16:29.245899-03	27	Cumprimento De Sentença	2	[{"changed": {"fields": ["Nome do Status"]}}]	10	1
275	2025-07-23 19:16:31.735861-03	27	Cumprimento De Sentença (MESCLADO EM Cumprimento de Sentença)	2	[{"changed": {"fields": ["Ordem"]}}]	10	1
276	2025-07-23 19:23:21.249867-03	27	Cumprimento De Sentença (MESCLADO EM Cumprimento de Sentença)	2	[{"changed": {"fields": ["Ativo"]}}]	10	1
277	2025-07-23 19:23:28.535149-03	27	Cumprimento De Sentença	2	[{"changed": {"fields": ["Nome do Status"]}}]	10	1
278	2025-07-23 19:24:11.182755-03	27	Cumprimento De Sentença	3		10	1
279	2025-07-23 19:55:11.521956-03	1	URGÊNCIA	1	[{"added": {}}]	16	1
280	2025-07-23 19:57:54.687659-03	28	MONITÓRIA	1	[{"added": {}}]	10	1
281	2025-07-23 19:58:15.937525-03	28	MONITÓRIA	3		10	1
282	2025-07-23 19:58:59.967363-03	21	0.7.00.55.8-3320198010010	2	[{"changed": {"fields": ["valor_causa"]}}]	7	1
283	2025-07-23 20:01:34.381353-03	21	0.7.00.55.8-3320198010010	2	[{"changed": {"fields": ["valor_causa"]}}]	7	1
284	2025-07-23 20:07:39.017328-03	21	0.7.00.55.8-3320198010010	2	[{"changed": {"fields": ["valor_causa"]}}]	7	1
285	2025-07-23 20:07:41.863195-03	21	0.7.00.55.8-3320198010010	2	[{"changed": {"fields": ["valor_causa"]}}]	7	1
286	2025-07-23 20:09:55.93927-03	2	Maicon	3		16	1
287	2025-07-23 20:15:34.048219-03	21	0.7.00.55.8-3320198010010	2	[{"changed": {"fields": ["valor_causa"]}}]	7	1
288	2025-07-23 22:02:23.250075-03	6	fff	3		16	1
289	2025-07-23 22:08:18.557348-03	7	dddd	3		16	1
290	2025-07-23 22:50:30.634121-03	3	Maicon	2	[{"changed": {"fields": ["Ordem"]}}]	16	1
291	2025-07-23 22:50:30.640313-03	5	OUTRAS	2	[{"changed": {"fields": ["Ordem"]}}]	16	1
292	2025-07-23 22:50:30.641526-03	8	TESTE	2	[{"changed": {"fields": ["Ordem"]}}]	16	1
293	2025-07-23 22:50:30.642514-03	4	URGENTE	2	[{"changed": {"fields": ["Ordem"]}}]	16	1
294	2025-07-23 22:50:51.224761-03	1	URGÊNCIA	2	[{"changed": {"fields": ["Ordem"]}}]	16	1
295	2025-07-23 22:50:51.225989-03	8	TESTE	2	[{"changed": {"fields": ["Ordem"]}}]	16	1
296	2025-07-23 22:53:31.466324-03	9	BOLO	2	[{"changed": {"fields": ["Ordem"]}}]	16	1
297	2025-07-23 22:59:06.136957-03	10	BOLINHA DE GUDE	2	[{"changed": {"fields": ["Ordem"]}}]	16	1
298	2025-07-23 23:07:17.094854-03	1	URGÊNCIA	2	[{"changed": {"fields": ["Ordem"]}}]	16	1
299	2025-07-24 10:40:30.708513-03	11	PÍLULAS	2	[{"changed": {"fields": ["Nome"]}}]	16	1
300	2025-07-24 11:04:20.667058-03	21	0.7.00.55.8-3320198010010	2	[{"changed": {"fields": ["Busca Ativa", "valor_causa"]}}]	7	1
301	2025-07-24 11:17:42.711897-03	22	6.0.12.05.1-0620258030001	1	[{"added": {}}, {"added": {"name": "parte", "object": "Banco Cruzeiro do Sul S.A Falido"}}, {"added": {"name": "parte", "object": "Maria do Perpetuo Socorro Gomes Rodrigues"}}, {"added": {"name": "parte", "object": "B6 Assignee Assets Ltda"}}]	7	1
302	2025-07-24 11:21:16.968183-03	22	6.0.12.05.1-0620258030001	2	[{"changed": {"fields": ["Carteira", "valor_causa"]}}]	7	1
303	2025-07-24 11:30:17.025236-03	14	GDSRGDESRGRESDGERGERDGEDRGEDRGRGRGERGR	3		16	1
304	2025-07-24 11:30:35.285076-03	13	DENIS	3		16	1
305	2025-07-24 13:20:27.128839-03	9	BOLO	3		16	1
306	2025-07-24 13:20:27.128877-03	12	PALAVRÃO	3		16	1
307	2025-07-24 15:01:30.886977-03	20	0.0.29.16.3-9520188260001	2	[{"changed": {"fields": ["valor_causa"]}}, {"changed": {"name": "parte", "object": "Banco Cruzeiro do Sul S.A Falido", "fields": ["Nome / Raz\\u00e3o Social"]}}]	7	1
308	2025-07-24 23:08:12.528308-03	21	0.7.00.55.8-3320198010010	2	[{"changed": {"fields": ["Busca Ativa", "valor_causa"]}}]	7	1
310	2025-07-28 17:16:22.443715-03	29	Cumprimento De Sentença (MESCLADO EM Cumprimento de Sentença)	2	[{"changed": {"fields": ["Ordem"]}}]	10	1
312	2025-08-21 14:05:43.50077-03	19	5.0.41.66.6-6720198210001	2	[{"changed": {"fields": ["Busca Ativa", "valor_causa"]}}]	7	1
313	2025-08-21 15:25:25.463615-03	2	Ardim.Dutra	1	[{"added": {}}]	4	1
314	2025-08-21 15:47:33.880646-03	19	5.0.41.66.6-6720198210001	2	[{"changed": {"fields": ["valor_causa"]}}]	7	1
315	2025-08-21 17:05:16.662364-03	24	7.0.00.94.0-3920198220017	1	[{"added": {}}, {"added": {"name": "parte", "object": "Banco Cruzeiro do Sul"}}, {"added": {"name": "parte", "object": "Devanir Antonio da Silva"}}]	7	1
316	2025-08-22 11:20:55.701818-03	28	7.0.45.34.0-8920198220001	1	[{"added": {}}, {"added": {"name": "parte", "object": "Banco Cruzeiro do Sul"}}, {"added": {"name": "parte", "object": "Rita Cunha Sales"}}, {"added": {"name": "Andamento Processual", "object": "Andamento de 20/08/2025 em 7.0.45.34.0-8920198220001"}}, {"added": {"name": "Andamento Processual", "object": "Andamento de 19/08/2025 em 7.0.45.34.0-8920198220001"}}, {"added": {"name": "Andamento Processual", "object": "Andamento de 17/08/2025 em 7.0.45.34.0-8920198220001"}}, {"added": {"name": "Andamento Processual", "object": "Andamento de 08/04/2025 em 7.0.45.34.0-8920198220001"}}, {"added": {"name": "Andamento Processual", "object": "Andamento de 26/03/2025 em 7.0.45.34.0-8920198220001"}}, {"added": {"name": "Andamento Processual", "object": "Andamento de 16/03/2025 em 7.0.45.34.0-8920198220001"}}, {"added": {"name": "Andamento Processual", "object": "Andamento de 13/03/2025 em 7.0.45.34.0-8920198220001"}}, {"added": {"name": "Andamento Processual", "object": "Andamento de 12/03/2025 em 7.0.45.34.0-8920198220001"}}, {"added": {"name": "Andamento Processual", "object": "Andamento de 18/02/2025 em 7.0.45.34.0-8920198220001"}}, {"added": {"name": "Andamento Processual", "object": "Andamento de 13/02/2025 em 7.0.45.34.0-8920198220001"}}, {"added": {"name": "Andamento Processual", "object": "Andamento de 12/02/2025 em 7.0.45.34.0-8920198220001"}}, {"added": {"name": "Andamento Processual", "object": "Andamento de 11/02/2025 em 7.0.45.34.0-8920198220001"}}, {"added": {"name": "Andamento Processual", "object": "Andamento de 30/01/2025 em 7.0.45.34.0-8920198220001"}}]	7	1
317	2025-08-22 12:00:09.311914-03	28	7.0.45.34.0-8920198220001	2	[{"changed": {"fields": ["Carteira", "valor_causa"]}}]	7	1
318	2025-08-22 13:38:23.984883-03	28	7.0.45.34.0-8920198220001	2	[{"changed": {"fields": ["valor_causa"]}}, {"added": {"name": "Andamento Processual", "object": "Andamento de 22/08/2025 em 7.0.45.34.0-8920198220001"}}]	7	1
319	2025-08-23 10:35:22.758509-03	28	7.0.45.34.0-8920198220001	2	[{"changed": {"fields": ["valor_causa"]}}, {"added": {"name": "Andamento Processual", "object": "Andamento de 23/08/2025 em 7.0.45.34.0-8920198220001"}}]	7	1
320	2025-08-28 15:40:12.064073-03	28	7.0.45.34.0-8920198220001	2	[{"changed": {"fields": ["valor_causa"]}}]	7	1
321	2025-08-28 17:26:38.092712-03	28	7.0.45.34.0-8920198220001	2	[{"changed": {"fields": ["valor_causa"]}}]	7	1
322	2025-08-28 19:13:27.607863-03	28	7.0.45.34.0-8920198220001	2	[{"changed": {"fields": ["valor_causa"]}}, {"deleted": {"name": "Andamento Processual", "object": "Andamento de 23/08/2025 em 7.0.45.34.0-8920198220001"}}]	7	1
323	2025-08-28 19:20:26.530413-03	28	7.0.45.34.0-8920198220001	2	[{"changed": {"fields": ["valor_causa"]}}, {"deleted": {"name": "Andamento Processual", "object": "Andamento de 22/08/2025 em 7.0.45.34.0-8920198220001"}}]	7	1
324	2025-08-28 19:37:36.989254-03	28	7.0.45.34.0-8920198220001	2	[{"changed": {"fields": ["valor_causa"]}}, {"added": {"name": "Andamento Processual", "object": "Andamento de 28/08/2025 em 7.0.45.34.0-8920198220001"}}]	7	1
325	2025-08-28 19:37:47.709958-03	28	7.0.45.34.0-8920198220001	2	[{"changed": {"fields": ["valor_causa"]}}, {"deleted": {"name": "Andamento Processual", "object": "Andamento de 28/08/2025 em 7.0.45.34.0-8920198220001"}}]	7	1
\.


--
-- Data for Name: django_content_type; Type: TABLE DATA; Schema: public; Owner: maicon
--

COPY public.django_content_type (id, app_label, model) FROM stdin;
1	admin	logentry
2	auth	permission
3	auth	group
4	auth	user
5	contenttypes	contenttype
6	sessions	session
7	contratos	processojudicial
8	contratos	parte
9	contratos	contrato
10	contratos	statusprocessual
11	contratos	andamento
12	contratos	andamentoprocessual
13	contratos	advogado
14	contratos	carteira
15	contratos	parteprocessoadvogado
16	contratos	etiqueta
17	contratos	andamentoprocessualadvogado
18	contratos	tarefa
19	contratos	prazo
20	contratos	listadetarefas
\.


--
-- Data for Name: django_migrations; Type: TABLE DATA; Schema: public; Owner: maicon
--

COPY public.django_migrations (id, app, name, applied) FROM stdin;
1	contenttypes	0001_initial	2025-07-14 18:29:33.409253-03
2	auth	0001_initial	2025-07-14 18:29:33.450916-03
3	admin	0001_initial	2025-07-14 18:29:33.464745-03
4	admin	0002_logentry_remove_auto_add	2025-07-14 18:29:33.471636-03
5	admin	0003_logentry_add_action_flag_choices	2025-07-14 18:29:33.477366-03
6	contenttypes	0002_remove_content_type_name	2025-07-14 18:29:33.488324-03
7	auth	0002_alter_permission_name_max_length	2025-07-14 18:29:33.494188-03
8	auth	0003_alter_user_email_max_length	2025-07-14 18:29:33.499889-03
9	auth	0004_alter_user_username_opts	2025-07-14 18:29:33.505149-03
10	auth	0005_alter_user_last_login_null	2025-07-14 18:29:33.511191-03
11	auth	0006_require_contenttypes_0002	2025-07-14 18:29:33.512252-03
12	auth	0007_alter_validators_add_error_messages	2025-07-14 18:29:33.517393-03
13	auth	0008_alter_user_username_max_length	2025-07-14 18:29:33.52837-03
14	auth	0009_alter_user_last_name_max_length	2025-07-14 18:29:33.535378-03
15	auth	0010_alter_group_name_max_length	2025-07-14 18:29:33.542007-03
16	auth	0011_update_proxy_permissions	2025-07-14 18:29:33.547116-03
17	auth	0012_alter_user_first_name_max_length	2025-07-14 18:29:33.552734-03
19	sessions	0001_initial	2025-07-14 18:29:33.575069-03
21	contratos	0001_initial	2025-07-15 13:40:58.665371-03
22	contratos	0002_statusprocessual_processojudicial_status	2025-07-15 13:41:58.158301-03
23	contratos	0003_processojudicial_busca_ativa_andamento	2025-07-16 11:35:48.698505-03
24	contratos	0004_processojudicial_titulo_processo	2025-07-17 08:00:41.555984-03
25	contratos	0005_processojudicial_assunto	2025-07-17 11:38:11.783628-03
26	contratos	0006_parte_advogados_info	2025-07-17 11:49:08.432043-03
27	contratos	0004_alter_parte_processo_advogado_andamentoprocessual_and_more	2025-07-18 10:18:50.562639-03
28	contratos	0005_parte_advogados_info	2025-07-18 13:02:56.112923-03
29	contratos	0006_remove_parte_advogados_info_processojudicial_assunto_and_more	2025-07-18 14:53:56.170759-03
30	contratos	0006_statusprocessual_ativo	2025-07-21 13:34:50.146682-03
31	contratos	0007_carteira_processojudicial_carteira_and_more	2025-07-21 17:04:28.734185-03
32	contratos	0008_etiqueta_processojudicial_etiquetas	2025-07-23 13:48:39.741416-03
33	contratos	0008_etiqueta	2025-07-23 18:25:37.735445-03
34	contratos	0009_alter_etiqueta_options_processojudicial_etiquetas_and_more	2025-07-23 18:38:27.159306-03
35	contratos	0010_remove_processojudicial_etiquetas_delete_etiqueta	2025-07-23 19:22:00.482426-03
36	contratos	0011_etiqueta_processojudicial_etiquetas_and_more	2025-07-23 19:46:43.458233-03
37	contratos	0012_alter_etiqueta_options_etiqueta_ordem	2025-07-23 22:49:12.592302-03
38	contratos	0013_listadetarefas_prazo_tarefa	2025-07-28 18:20:52.131505-03
\.


--
-- Data for Name: django_session; Type: TABLE DATA; Schema: public; Owner: maicon
--

COPY public.django_session (session_key, session_data, expire_date) FROM stdin;
5gca8xl4wy8s5ihojndc408gwtzlkb5b	.eJxVjEEOwiAQRe_C2hCHAUpcuvcMZGagUjWQlHbVeHdt0oVu_3vvbyrSupS49jzHKamLAnX63ZjkmesO0oPqvWlpdZkn1ruiD9r1raX8uh7u30GhXr61QTYslLNNyA4BzdmyCJpA7L21CYIfIIgfxQ3BugzOG-IRQkAE59T7A-DGNzE:1ubQl3:Or15sZ3xgO4mLBBKWLDMnXX3jUgZc4LnlwygG9TPymI	2025-07-28 18:30:45.819406-03
j8n5zoafex3er06u74dtmnls1w8rksnb	.eJxVjEEOwiAQRe_C2hCHAUpcuvcMZGagUjWQlHbVeHdt0oVu_3vvbyrSupS49jzHKamLAnX63ZjkmesO0oPqvWlpdZkn1ruiD9r1raX8uh7u30GhXr61QTYslLNNyA4BzdmyCJpA7L21CYIfIIgfxQ3BugzOG-IRQkAE59T7A-DGNzE:1ubigF:ymgOvaH1NGWyKJTWvXD3yVYAdrgmlbO59IiqcsV9yxA	2025-07-29 13:38:59.552125-03
8j3c0tyd4b4cy6qoenloyq3qbm17hdvg	.eJxVjEEOwiAQRe_C2hCHAUpcuvcMZGagUjWQlHbVeHdt0oVu_3vvbyrSupS49jzHKamLAnX63ZjkmesO0oPqvWlpdZkn1ruiD9r1raX8uh7u30GhXr61QTYslLNNyA4BzdmyCJpA7L21CYIfIIgfxQ3BugzOG-IRQkAE59T7A-DGNzE:1ucPYq:vh8-qPe9Qs_MvHNvhvkkpi0iMNsX4wq9mfZyl0zU1OQ	2025-07-31 11:26:12.97581-03
tj4i9u56q28gvypvc9aa7trcctc95atp	.eJxVjEEOwiAQRe_C2hCHAUpcuvcMZGagUjWQlHbVeHdt0oVu_3vvbyrSupS49jzHKamLAnX63ZjkmesO0oPqvWlpdZkn1ruiD9r1raX8uh7u30GhXr61QTYslLNNyA4BzdmyCJpA7L21CYIfIIgfxQ3BugzOG-IRQkAE59T7A-DGNzE:1ucrRF:Vj-HFv_Do2S55MZ1N4UXK8ER4NgnED5V8Cv9kvZg3Lo	2025-08-01 17:12:13.72049-03
ej9zh5gs0jctr24xuvrwnzhq5uhasoye	.eJxVjEEOwiAQRe_C2hCHAUpcuvcMZGagUjWQlHbVeHdt0oVu_3vvbyrSupS49jzHKamLAnX63ZjkmesO0oPqvWlpdZkn1ruiD9r1raX8uh7u30GhXr61QTYslLNNyA4BzdmyCJpA7L21CYIfIIgfxQ3BugzOG-IRQkAE59T7A-DGNzE:1udtC0:skIewVcqSpAfILxP4I0UNbT0Irn_tdfDFBON0gWt40s	2025-08-04 13:16:44.196305-03
xt9roavk984t61yr570lv9lmj58ejb1d	.eJxVjEEOwiAQRe_C2hCHAUpcuvcMZGagUjWQlHbVeHdt0oVu_3vvbyrSupS49jzHKamLAnX63ZjkmesO0oPqvWlpdZkn1ruiD9r1raX8uh7u30GhXr61QTYslLNNyA4BzdmyCJpA7L21CYIfIIgfxQ3BugzOG-IRQkAE59T7A-DGNzE:1udw6S:DVaAdwdP1Y8g86tv-XzIFer3w-WEUyQ4ELhyvwd1shw	2025-08-04 16:23:12.296581-03
2r153d85pifdp96v5369o6tiszd8asyj	.eJxVjEEOwiAQRe_C2hCHAUpcuvcMZGagUjWQlHbVeHdt0oVu_3vvbyrSupS49jzHKamLAnX63ZjkmesO0oPqvWlpdZkn1ruiD9r1raX8uh7u30GhXr61QTYslLNNyA4BzdmyCJpA7L21CYIfIIgfxQ3BugzOG-IRQkAE59T7A-DGNzE:1udwnM:Awjhp_6eVIwFDh0aaIyYytg7-cNnTvHfvcSLMqq_rfA	2025-08-04 17:07:32.541706-03
6mqnhvjg1vdfxkzx15uichmvyd8q5kk4	.eJxVjEEOwiAQRe_C2hCHAUpcuvcMZGagUjWQlHbVeHdt0oVu_3vvbyrSupS49jzHKamLAnX63ZjkmesO0oPqvWlpdZkn1ruiD9r1raX8uh7u30GhXr61QTYslLNNyA4BzdmyCJpA7L21CYIfIIgfxQ3BugzOG-IRQkAE59T7A-DGNzE:1udxIb:MQLTQmK1wz95VIxRY0eFUtCdGTtIbG9ardoO7zNtTc4	2025-08-04 17:39:49.645547-03
vb8sq2k8r9e8177sewbjin030p5400bq	.eJxVjEEOwiAQRe_C2hCHAUpcuvcMZGagUjWQlHbVeHdt0oVu_3vvbyrSupS49jzHKamLAnX63ZjkmesO0oPqvWlpdZkn1ruiD9r1raX8uh7u30GhXr61QTYslLNNyA4BzdmyCJpA7L21CYIfIIgfxQ3BugzOG-IRQkAE59T7A-DGNzE:1udyVV:TZBHqV2YcYubQd7NLPsObmJGYk0fgTJF0c0DCzS4mew	2025-08-04 18:57:13.251869-03
caiyztxivmvnoryyajqd7k8cqvgyfukw	.eJxVjEEOwiAQRe_C2hCHAUpcuvcMZGagUjWQlHbVeHdt0oVu_3vvbyrSupS49jzHKamLAnX63ZjkmesO0oPqvWlpdZkn1ruiD9r1raX8uh7u30GhXr61QTYslLNNyA4BzdmyCJpA7L21CYIfIIgfxQ3BugzOG-IRQkAE59T7A-DGNzE:1ueE7q:NSf8nYSVicxxbbekoaFOReqDErqZWb64DaTvVO7Jt-4	2025-08-05 11:37:50.110246-03
5ecxa9cn0wamfjrt9o54slf01wux3yob	.eJxVjEEOwiAQRe_C2hCHAUpcuvcMZGagUjWQlHbVeHdt0oVu_3vvbyrSupS49jzHKamLAnX63ZjkmesO0oPqvWlpdZkn1ruiD9r1raX8uh7u30GhXr61QTYslLNNyA4BzdmyCJpA7L21CYIfIIgfxQ3BugzOG-IRQkAE59T7A-DGNzE:1ueGFH:WYcBkxeBgUcIBRZP9pfQgh6906GTA3o1iPzGAKoKlgE	2025-08-05 13:53:39.293642-03
yqh3s70upkr9sffkb1oyyqh25xd58rkw	.eJxVjEEOwiAQRe_C2hCHAUpcuvcMZGagUjWQlHbVeHdt0oVu_3vvbyrSupS49jzHKamLAnX63ZjkmesO0oPqvWlpdZkn1ruiD9r1raX8uh7u30GhXr61QTYslLNNyA4BzdmyCJpA7L21CYIfIIgfxQ3BugzOG-IRQkAE59T7A-DGNzE:1uedms:0cTcBciD07t1md4ZNJVHyj4NwVf_k_9TuislagrmKxc	2025-08-06 15:01:54.771347-03
uxd1s748c30b8i2idbhqwkasi64oueys	.eJxVjEEOwiAQRe_C2hCHAUpcuvcMZGagUjWQlHbVeHdt0oVu_3vvbyrSupS49jzHKamLAnX63ZjkmesO0oPqvWlpdZkn1ruiD9r1raX8uh7u30GhXr61QTYslLNNyA4BzdmyCJpA7L21CYIfIIgfxQ3BugzOG-IRQkAE59T7A-DGNzE:1uedy4:hn4U5NzFE0c_sXU4lKwI0CA4bU00WEuyUuvb3G3ogd4	2025-08-06 15:13:28.36533-03
axxqghbi6a7nmef1uu5njsr1r1el4002	.eJxVjEEOwiAQRe_C2hCHAUpcuvcMZGagUjWQlHbVeHdt0oVu_3vvbyrSupS49jzHKamLAnX63ZjkmesO0oPqvWlpdZkn1ruiD9r1raX8uh7u30GhXr61QTYslLNNyA4BzdmyCJpA7L21CYIfIIgfxQ3BugzOG-IRQkAE59T7A-DGNzE:1ueeBp:6oD0pjhkpZYlGzVbKUECMDjZpW8Y5Ku1tZoqcE8Vtl0	2025-08-06 15:27:41.243716-03
x5ex2jmyw12rv23awjdnlw405sd1e5bb	.eJxVjEEOwiAQRe_C2hCHAUpcuvcMZGagUjWQlHbVeHdt0oVu_3vvbyrSupS49jzHKamLAnX63ZjkmesO0oPqvWlpdZkn1ruiD9r1raX8uh7u30GhXr61QTYslLNNyA4BzdmyCJpA7L21CYIfIIgfxQ3BugzOG-IRQkAE59T7A-DGNzE:1uegpg:gTtlqxSzw-IV90FWIbXABqcf2ZpLFn2kCs9LciRfbxs	2025-08-06 18:17:00.886652-03
gajtb5dle0d2opz6kljvqgpyz4uny515	.eJxVjEEOwiAQRe_C2hCHAUpcuvcMZGagUjWQlHbVeHdt0oVu_3vvbyrSupS49jzHKamLAnX63ZjkmesO0oPqvWlpdZkn1ruiD9r1raX8uh7u30GhXr61QTYslLNNyA4BzdmyCJpA7L21CYIfIIgfxQ3BugzOG-IRQkAE59T7A-DGNzE:1uf84H:SzawcI0JqsxMfjfCgwxz8HSq8Du6e6bABXHk1PrulTQ	2025-08-07 23:21:53.088041-03
low0f68s3i5jq01kv9uihlrg5lbes06a	.eJxVjEEOwiAQRe_C2hCHAUpcuvcMZGagUjWQlHbVeHdt0oVu_3vvbyrSupS49jzHKamLAnX63ZjkmesO0oPqvWlpdZkn1ruiD9r1raX8uh7u30GhXr61QTYslLNNyA4BzdmyCJpA7L21CYIfIIgfxQ3BugzOG-IRQkAE59T7A-DGNzE:1ufJi6:CRJCXgYTBltP3DqamyI_ZmS4ojd_RvlIMlTWHaOLzNM	2025-08-08 11:47:46.258035-03
d8dqbc040gogsv5ig2puunsij3evlht6	.eJxVjEEOwiAQRe_C2hCHAUpcuvcMZGagUjWQlHbVeHdt0oVu_3vvbyrSupS49jzHKamLAnX63ZjkmesO0oPqvWlpdZkn1ruiD9r1raX8uh7u30GhXr61QTYslLNNyA4BzdmyCJpA7L21CYIfIIgfxQ3BugzOG-IRQkAE59T7A-DGNzE:1ufLJF:JJ5Qy2SpHRkGZot31ht9T2oETz1gu4hWkC3cOGMYJ4A	2025-08-08 13:30:13.437573-03
cv37bulwvjt4blk8wngem62mnlpmtyza	.eJxVjEEOwiAQRe_C2hCHAUpcuvcMZGagUjWQlHbVeHdt0oVu_3vvbyrSupS49jzHKamLAnX63ZjkmesO0oPqvWlpdZkn1ruiD9r1raX8uh7u30GhXr61QTYslLNNyA4BzdmyCJpA7L21CYIfIIgfxQ3BugzOG-IRQkAE59T7A-DGNzE:1uokGi:5axRf0uI4GKMFb0uaUd_MrLwhR0wKNadbLAoawvZtvY	2025-09-03 11:58:28.99398-03
\.


--
-- Name: auth_group_id_seq; Type: SEQUENCE SET; Schema: public; Owner: maicon
--

SELECT pg_catalog.setval('public.auth_group_id_seq', 1, false);


--
-- Name: auth_group_permissions_id_seq; Type: SEQUENCE SET; Schema: public; Owner: maicon
--

SELECT pg_catalog.setval('public.auth_group_permissions_id_seq', 1, false);


--
-- Name: auth_permission_id_seq; Type: SEQUENCE SET; Schema: public; Owner: maicon
--

SELECT pg_catalog.setval('public.auth_permission_id_seq', 80, true);


--
-- Name: auth_user_groups_id_seq; Type: SEQUENCE SET; Schema: public; Owner: maicon
--

SELECT pg_catalog.setval('public.auth_user_groups_id_seq', 1, false);


--
-- Name: auth_user_id_seq; Type: SEQUENCE SET; Schema: public; Owner: maicon
--

SELECT pg_catalog.setval('public.auth_user_id_seq', 2, true);


--
-- Name: auth_user_user_permissions_id_seq; Type: SEQUENCE SET; Schema: public; Owner: maicon
--

SELECT pg_catalog.setval('public.auth_user_user_permissions_id_seq', 1, false);


--
-- Name: contratos_advogado_id_seq; Type: SEQUENCE SET; Schema: public; Owner: maicon
--

SELECT pg_catalog.setval('public.contratos_advogado_id_seq', 1, false);


--
-- Name: contratos_andamentoprocessual_id_seq; Type: SEQUENCE SET; Schema: public; Owner: maicon
--

SELECT pg_catalog.setval('public.contratos_andamentoprocessual_id_seq', 58, true);


--
-- Name: contratos_andamentoprocessualadvogado_id_seq; Type: SEQUENCE SET; Schema: public; Owner: maicon
--

SELECT pg_catalog.setval('public.contratos_andamentoprocessualadvogado_id_seq', 1, false);


--
-- Name: contratos_carteira_id_seq; Type: SEQUENCE SET; Schema: public; Owner: maicon
--

SELECT pg_catalog.setval('public.contratos_carteira_id_seq', 6, true);


--
-- Name: contratos_contrato_id_seq; Type: SEQUENCE SET; Schema: public; Owner: maicon
--

SELECT pg_catalog.setval('public.contratos_contrato_id_seq', 1, true);


--
-- Name: contratos_etiqueta_id_seq; Type: SEQUENCE SET; Schema: public; Owner: maicon
--

SELECT pg_catalog.setval('public.contratos_etiqueta_id_seq', 22, true);


--
-- Name: contratos_listadetarefas_id_seq; Type: SEQUENCE SET; Schema: public; Owner: maicon
--

SELECT pg_catalog.setval('public.contratos_listadetarefas_id_seq', 1, true);


--
-- Name: contratos_parte_id_seq; Type: SEQUENCE SET; Schema: public; Owner: maicon
--

SELECT pg_catalog.setval('public.contratos_parte_id_seq', 55, true);


--
-- Name: contratos_parteprocessoadvogado_id_seq; Type: SEQUENCE SET; Schema: public; Owner: maicon
--

SELECT pg_catalog.setval('public.contratos_parteprocessoadvogado_id_seq', 1, false);


--
-- Name: contratos_prazo_id_seq; Type: SEQUENCE SET; Schema: public; Owner: maicon
--

SELECT pg_catalog.setval('public.contratos_prazo_id_seq', 1, false);


--
-- Name: contratos_processojudicial_etiquetas_id_seq; Type: SEQUENCE SET; Schema: public; Owner: maicon
--

SELECT pg_catalog.setval('public.contratos_processojudicial_etiquetas_id_seq', 144, true);


--
-- Name: contratos_processojudicial_id_seq; Type: SEQUENCE SET; Schema: public; Owner: maicon
--

SELECT pg_catalog.setval('public.contratos_processojudicial_id_seq', 28, true);


--
-- Name: contratos_statusprocessual_id_seq; Type: SEQUENCE SET; Schema: public; Owner: maicon
--

SELECT pg_catalog.setval('public.contratos_statusprocessual_id_seq', 30, true);


--
-- Name: contratos_tarefa_id_seq; Type: SEQUENCE SET; Schema: public; Owner: maicon
--

SELECT pg_catalog.setval('public.contratos_tarefa_id_seq', 1, false);


--
-- Name: django_admin_log_id_seq; Type: SEQUENCE SET; Schema: public; Owner: maicon
--

SELECT pg_catalog.setval('public.django_admin_log_id_seq', 325, true);


--
-- Name: django_content_type_id_seq; Type: SEQUENCE SET; Schema: public; Owner: maicon
--

SELECT pg_catalog.setval('public.django_content_type_id_seq', 20, true);


--
-- Name: django_migrations_id_seq; Type: SEQUENCE SET; Schema: public; Owner: maicon
--

SELECT pg_catalog.setval('public.django_migrations_id_seq', 40, true);


--
-- Name: auth_group auth_group_name_key; Type: CONSTRAINT; Schema: public; Owner: maicon
--

ALTER TABLE ONLY public.auth_group
    ADD CONSTRAINT auth_group_name_key UNIQUE (name);


--
-- Name: auth_group_permissions auth_group_permissions_group_id_permission_id_0cd325b0_uniq; Type: CONSTRAINT; Schema: public; Owner: maicon
--

ALTER TABLE ONLY public.auth_group_permissions
    ADD CONSTRAINT auth_group_permissions_group_id_permission_id_0cd325b0_uniq UNIQUE (group_id, permission_id);


--
-- Name: auth_group_permissions auth_group_permissions_pkey; Type: CONSTRAINT; Schema: public; Owner: maicon
--

ALTER TABLE ONLY public.auth_group_permissions
    ADD CONSTRAINT auth_group_permissions_pkey PRIMARY KEY (id);


--
-- Name: auth_group auth_group_pkey; Type: CONSTRAINT; Schema: public; Owner: maicon
--

ALTER TABLE ONLY public.auth_group
    ADD CONSTRAINT auth_group_pkey PRIMARY KEY (id);


--
-- Name: auth_permission auth_permission_content_type_id_codename_01ab375a_uniq; Type: CONSTRAINT; Schema: public; Owner: maicon
--

ALTER TABLE ONLY public.auth_permission
    ADD CONSTRAINT auth_permission_content_type_id_codename_01ab375a_uniq UNIQUE (content_type_id, codename);


--
-- Name: auth_permission auth_permission_pkey; Type: CONSTRAINT; Schema: public; Owner: maicon
--

ALTER TABLE ONLY public.auth_permission
    ADD CONSTRAINT auth_permission_pkey PRIMARY KEY (id);


--
-- Name: auth_user_groups auth_user_groups_pkey; Type: CONSTRAINT; Schema: public; Owner: maicon
--

ALTER TABLE ONLY public.auth_user_groups
    ADD CONSTRAINT auth_user_groups_pkey PRIMARY KEY (id);


--
-- Name: auth_user_groups auth_user_groups_user_id_group_id_94350c0c_uniq; Type: CONSTRAINT; Schema: public; Owner: maicon
--

ALTER TABLE ONLY public.auth_user_groups
    ADD CONSTRAINT auth_user_groups_user_id_group_id_94350c0c_uniq UNIQUE (user_id, group_id);


--
-- Name: auth_user auth_user_pkey; Type: CONSTRAINT; Schema: public; Owner: maicon
--

ALTER TABLE ONLY public.auth_user
    ADD CONSTRAINT auth_user_pkey PRIMARY KEY (id);


--
-- Name: auth_user_user_permissions auth_user_user_permissions_pkey; Type: CONSTRAINT; Schema: public; Owner: maicon
--

ALTER TABLE ONLY public.auth_user_user_permissions
    ADD CONSTRAINT auth_user_user_permissions_pkey PRIMARY KEY (id);


--
-- Name: auth_user_user_permissions auth_user_user_permissions_user_id_permission_id_14a6b632_uniq; Type: CONSTRAINT; Schema: public; Owner: maicon
--

ALTER TABLE ONLY public.auth_user_user_permissions
    ADD CONSTRAINT auth_user_user_permissions_user_id_permission_id_14a6b632_uniq UNIQUE (user_id, permission_id);


--
-- Name: auth_user auth_user_username_key; Type: CONSTRAINT; Schema: public; Owner: maicon
--

ALTER TABLE ONLY public.auth_user
    ADD CONSTRAINT auth_user_username_key UNIQUE (username);


--
-- Name: contratos_advogado contratos_advogado_pkey; Type: CONSTRAINT; Schema: public; Owner: maicon
--

ALTER TABLE ONLY public.contratos_advogado
    ADD CONSTRAINT contratos_advogado_pkey PRIMARY KEY (id);


--
-- Name: contratos_andamentoprocessualadvogado contratos_andamentoproce_andamento_id_advogado_id_6c6c1a03_uniq; Type: CONSTRAINT; Schema: public; Owner: maicon
--

ALTER TABLE ONLY public.contratos_andamentoprocessualadvogado
    ADD CONSTRAINT contratos_andamentoproce_andamento_id_advogado_id_6c6c1a03_uniq UNIQUE (andamento_id, advogado_id);


--
-- Name: contratos_andamentoprocessual contratos_andamentoproce_processo_id_data_descric_cde4e310_uniq; Type: CONSTRAINT; Schema: public; Owner: maicon
--

ALTER TABLE ONLY public.contratos_andamentoprocessual
    ADD CONSTRAINT contratos_andamentoproce_processo_id_data_descric_cde4e310_uniq UNIQUE (processo_id, data, descricao);


--
-- Name: contratos_andamentoprocessual contratos_andamentoprocessual_pkey; Type: CONSTRAINT; Schema: public; Owner: maicon
--

ALTER TABLE ONLY public.contratos_andamentoprocessual
    ADD CONSTRAINT contratos_andamentoprocessual_pkey PRIMARY KEY (id);


--
-- Name: contratos_andamentoprocessualadvogado contratos_andamentoprocessualadvogado_pkey; Type: CONSTRAINT; Schema: public; Owner: maicon
--

ALTER TABLE ONLY public.contratos_andamentoprocessualadvogado
    ADD CONSTRAINT contratos_andamentoprocessualadvogado_pkey PRIMARY KEY (id);


--
-- Name: contratos_carteira contratos_carteira_nome_key; Type: CONSTRAINT; Schema: public; Owner: maicon
--

ALTER TABLE ONLY public.contratos_carteira
    ADD CONSTRAINT contratos_carteira_nome_key UNIQUE (nome);


--
-- Name: contratos_carteira contratos_carteira_pkey; Type: CONSTRAINT; Schema: public; Owner: maicon
--

ALTER TABLE ONLY public.contratos_carteira
    ADD CONSTRAINT contratos_carteira_pkey PRIMARY KEY (id);


--
-- Name: contratos_contrato contratos_contrato_pkey; Type: CONSTRAINT; Schema: public; Owner: maicon
--

ALTER TABLE ONLY public.contratos_contrato
    ADD CONSTRAINT contratos_contrato_pkey PRIMARY KEY (id);


--
-- Name: contratos_etiqueta contratos_etiqueta_nome_key; Type: CONSTRAINT; Schema: public; Owner: maicon
--

ALTER TABLE ONLY public.contratos_etiqueta
    ADD CONSTRAINT contratos_etiqueta_nome_key UNIQUE (nome);


--
-- Name: contratos_etiqueta contratos_etiqueta_pkey; Type: CONSTRAINT; Schema: public; Owner: maicon
--

ALTER TABLE ONLY public.contratos_etiqueta
    ADD CONSTRAINT contratos_etiqueta_pkey PRIMARY KEY (id);


--
-- Name: contratos_listadetarefas contratos_listadetarefas_nome_key; Type: CONSTRAINT; Schema: public; Owner: maicon
--

ALTER TABLE ONLY public.contratos_listadetarefas
    ADD CONSTRAINT contratos_listadetarefas_nome_key UNIQUE (nome);


--
-- Name: contratos_listadetarefas contratos_listadetarefas_pkey; Type: CONSTRAINT; Schema: public; Owner: maicon
--

ALTER TABLE ONLY public.contratos_listadetarefas
    ADD CONSTRAINT contratos_listadetarefas_pkey PRIMARY KEY (id);


--
-- Name: contratos_parte contratos_parte_pkey; Type: CONSTRAINT; Schema: public; Owner: maicon
--

ALTER TABLE ONLY public.contratos_parte
    ADD CONSTRAINT contratos_parte_pkey PRIMARY KEY (id);


--
-- Name: contratos_parteprocessoadvogado contratos_parteprocessoa_parte_id_advogado_id_19bcefbd_uniq; Type: CONSTRAINT; Schema: public; Owner: maicon
--

ALTER TABLE ONLY public.contratos_parteprocessoadvogado
    ADD CONSTRAINT contratos_parteprocessoa_parte_id_advogado_id_19bcefbd_uniq UNIQUE (parte_id, advogado_id);


--
-- Name: contratos_parteprocessoadvogado contratos_parteprocessoadvogado_pkey; Type: CONSTRAINT; Schema: public; Owner: maicon
--

ALTER TABLE ONLY public.contratos_parteprocessoadvogado
    ADD CONSTRAINT contratos_parteprocessoadvogado_pkey PRIMARY KEY (id);


--
-- Name: contratos_prazo contratos_prazo_pkey; Type: CONSTRAINT; Schema: public; Owner: maicon
--

ALTER TABLE ONLY public.contratos_prazo
    ADD CONSTRAINT contratos_prazo_pkey PRIMARY KEY (id);


--
-- Name: contratos_processojudicial_etiquetas contratos_processojudici_processojudicial_id_etiq_0b3eb948_uniq; Type: CONSTRAINT; Schema: public; Owner: maicon
--

ALTER TABLE ONLY public.contratos_processojudicial_etiquetas
    ADD CONSTRAINT contratos_processojudici_processojudicial_id_etiq_0b3eb948_uniq UNIQUE (processojudicial_id, etiqueta_id);


--
-- Name: contratos_processojudicial contratos_processojudicial_cnj_key; Type: CONSTRAINT; Schema: public; Owner: maicon
--

ALTER TABLE ONLY public.contratos_processojudicial
    ADD CONSTRAINT contratos_processojudicial_cnj_key UNIQUE (cnj);


--
-- Name: contratos_processojudicial_etiquetas contratos_processojudicial_etiquetas_pkey; Type: CONSTRAINT; Schema: public; Owner: maicon
--

ALTER TABLE ONLY public.contratos_processojudicial_etiquetas
    ADD CONSTRAINT contratos_processojudicial_etiquetas_pkey PRIMARY KEY (id);


--
-- Name: contratos_processojudicial contratos_processojudicial_pkey; Type: CONSTRAINT; Schema: public; Owner: maicon
--

ALTER TABLE ONLY public.contratos_processojudicial
    ADD CONSTRAINT contratos_processojudicial_pkey PRIMARY KEY (id);


--
-- Name: contratos_statusprocessual contratos_statusprocessual_nome_key; Type: CONSTRAINT; Schema: public; Owner: maicon
--

ALTER TABLE ONLY public.contratos_statusprocessual
    ADD CONSTRAINT contratos_statusprocessual_nome_key UNIQUE (nome);


--
-- Name: contratos_statusprocessual contratos_statusprocessual_pkey; Type: CONSTRAINT; Schema: public; Owner: maicon
--

ALTER TABLE ONLY public.contratos_statusprocessual
    ADD CONSTRAINT contratos_statusprocessual_pkey PRIMARY KEY (id);


--
-- Name: contratos_tarefa contratos_tarefa_pkey; Type: CONSTRAINT; Schema: public; Owner: maicon
--

ALTER TABLE ONLY public.contratos_tarefa
    ADD CONSTRAINT contratos_tarefa_pkey PRIMARY KEY (id);


--
-- Name: django_admin_log django_admin_log_pkey; Type: CONSTRAINT; Schema: public; Owner: maicon
--

ALTER TABLE ONLY public.django_admin_log
    ADD CONSTRAINT django_admin_log_pkey PRIMARY KEY (id);


--
-- Name: django_content_type django_content_type_app_label_model_76bd3d3b_uniq; Type: CONSTRAINT; Schema: public; Owner: maicon
--

ALTER TABLE ONLY public.django_content_type
    ADD CONSTRAINT django_content_type_app_label_model_76bd3d3b_uniq UNIQUE (app_label, model);


--
-- Name: django_content_type django_content_type_pkey; Type: CONSTRAINT; Schema: public; Owner: maicon
--

ALTER TABLE ONLY public.django_content_type
    ADD CONSTRAINT django_content_type_pkey PRIMARY KEY (id);


--
-- Name: django_migrations django_migrations_pkey; Type: CONSTRAINT; Schema: public; Owner: maicon
--

ALTER TABLE ONLY public.django_migrations
    ADD CONSTRAINT django_migrations_pkey PRIMARY KEY (id);


--
-- Name: django_session django_session_pkey; Type: CONSTRAINT; Schema: public; Owner: maicon
--

ALTER TABLE ONLY public.django_session
    ADD CONSTRAINT django_session_pkey PRIMARY KEY (session_key);


--
-- Name: auth_group_name_a6ea08ec_like; Type: INDEX; Schema: public; Owner: maicon
--

CREATE INDEX auth_group_name_a6ea08ec_like ON public.auth_group USING btree (name varchar_pattern_ops);


--
-- Name: auth_group_permissions_group_id_b120cbf9; Type: INDEX; Schema: public; Owner: maicon
--

CREATE INDEX auth_group_permissions_group_id_b120cbf9 ON public.auth_group_permissions USING btree (group_id);


--
-- Name: auth_group_permissions_permission_id_84c5c92e; Type: INDEX; Schema: public; Owner: maicon
--

CREATE INDEX auth_group_permissions_permission_id_84c5c92e ON public.auth_group_permissions USING btree (permission_id);


--
-- Name: auth_permission_content_type_id_2f476e4b; Type: INDEX; Schema: public; Owner: maicon
--

CREATE INDEX auth_permission_content_type_id_2f476e4b ON public.auth_permission USING btree (content_type_id);


--
-- Name: auth_user_groups_group_id_97559544; Type: INDEX; Schema: public; Owner: maicon
--

CREATE INDEX auth_user_groups_group_id_97559544 ON public.auth_user_groups USING btree (group_id);


--
-- Name: auth_user_groups_user_id_6a12ed8b; Type: INDEX; Schema: public; Owner: maicon
--

CREATE INDEX auth_user_groups_user_id_6a12ed8b ON public.auth_user_groups USING btree (user_id);


--
-- Name: auth_user_user_permissions_permission_id_1fbb5f2c; Type: INDEX; Schema: public; Owner: maicon
--

CREATE INDEX auth_user_user_permissions_permission_id_1fbb5f2c ON public.auth_user_user_permissions USING btree (permission_id);


--
-- Name: auth_user_user_permissions_user_id_a95ead1b; Type: INDEX; Schema: public; Owner: maicon
--

CREATE INDEX auth_user_user_permissions_user_id_a95ead1b ON public.auth_user_user_permissions USING btree (user_id);


--
-- Name: auth_user_username_6821ab7c_like; Type: INDEX; Schema: public; Owner: maicon
--

CREATE INDEX auth_user_username_6821ab7c_like ON public.auth_user USING btree (username varchar_pattern_ops);


--
-- Name: contratos_advogado_parte_id_a8afc814; Type: INDEX; Schema: public; Owner: maicon
--

CREATE INDEX contratos_advogado_parte_id_a8afc814 ON public.contratos_advogado USING btree (parte_id);


--
-- Name: contratos_andamentoprocessual_processo_id_208ecd68; Type: INDEX; Schema: public; Owner: maicon
--

CREATE INDEX contratos_andamentoprocessual_processo_id_208ecd68 ON public.contratos_andamentoprocessual USING btree (processo_id);


--
-- Name: contratos_andamentoprocessualadvogado_advogado_id_8c0f2955; Type: INDEX; Schema: public; Owner: maicon
--

CREATE INDEX contratos_andamentoprocessualadvogado_advogado_id_8c0f2955 ON public.contratos_andamentoprocessualadvogado USING btree (advogado_id);


--
-- Name: contratos_andamentoprocessualadvogado_andamento_id_0b82ce44; Type: INDEX; Schema: public; Owner: maicon
--

CREATE INDEX contratos_andamentoprocessualadvogado_andamento_id_0b82ce44 ON public.contratos_andamentoprocessualadvogado USING btree (andamento_id);


--
-- Name: contratos_carteira_nome_39c76538_like; Type: INDEX; Schema: public; Owner: maicon
--

CREATE INDEX contratos_carteira_nome_39c76538_like ON public.contratos_carteira USING btree (nome varchar_pattern_ops);


--
-- Name: contratos_contrato_processo_id_d683424a; Type: INDEX; Schema: public; Owner: maicon
--

CREATE INDEX contratos_contrato_processo_id_d683424a ON public.contratos_contrato USING btree (processo_id);


--
-- Name: contratos_etiqueta_nome_e18a07d2_like; Type: INDEX; Schema: public; Owner: maicon
--

CREATE INDEX contratos_etiqueta_nome_e18a07d2_like ON public.contratos_etiqueta USING btree (nome varchar_pattern_ops);


--
-- Name: contratos_listadetarefas_nome_42168089_like; Type: INDEX; Schema: public; Owner: maicon
--

CREATE INDEX contratos_listadetarefas_nome_42168089_like ON public.contratos_listadetarefas USING btree (nome varchar_pattern_ops);


--
-- Name: contratos_parte_processo_id_c1c5815d; Type: INDEX; Schema: public; Owner: maicon
--

CREATE INDEX contratos_parte_processo_id_c1c5815d ON public.contratos_parte USING btree (processo_id);


--
-- Name: contratos_parteprocessoadvogado_advogado_id_7545b9e2; Type: INDEX; Schema: public; Owner: maicon
--

CREATE INDEX contratos_parteprocessoadvogado_advogado_id_7545b9e2 ON public.contratos_parteprocessoadvogado USING btree (advogado_id);


--
-- Name: contratos_parteprocessoadvogado_parte_id_15cdcd97; Type: INDEX; Schema: public; Owner: maicon
--

CREATE INDEX contratos_parteprocessoadvogado_parte_id_15cdcd97 ON public.contratos_parteprocessoadvogado USING btree (parte_id);


--
-- Name: contratos_prazo_processo_id_cb2651de; Type: INDEX; Schema: public; Owner: maicon
--

CREATE INDEX contratos_prazo_processo_id_cb2651de ON public.contratos_prazo USING btree (processo_id);


--
-- Name: contratos_prazo_responsavel_id_a1c0bf4f; Type: INDEX; Schema: public; Owner: maicon
--

CREATE INDEX contratos_prazo_responsavel_id_a1c0bf4f ON public.contratos_prazo USING btree (responsavel_id);


--
-- Name: contratos_processojudicial_carteira_id_1a68de63; Type: INDEX; Schema: public; Owner: maicon
--

CREATE INDEX contratos_processojudicial_carteira_id_1a68de63 ON public.contratos_processojudicial USING btree (carteira_id);


--
-- Name: contratos_processojudicial_cnj_ebb7b5fa_like; Type: INDEX; Schema: public; Owner: maicon
--

CREATE INDEX contratos_processojudicial_cnj_ebb7b5fa_like ON public.contratos_processojudicial USING btree (cnj varchar_pattern_ops);


--
-- Name: contratos_processojudicial_etiquetas_etiqueta_id_c1543d91; Type: INDEX; Schema: public; Owner: maicon
--

CREATE INDEX contratos_processojudicial_etiquetas_etiqueta_id_c1543d91 ON public.contratos_processojudicial_etiquetas USING btree (etiqueta_id);


--
-- Name: contratos_processojudicial_processojudicial_id_93e3dbe6; Type: INDEX; Schema: public; Owner: maicon
--

CREATE INDEX contratos_processojudicial_processojudicial_id_93e3dbe6 ON public.contratos_processojudicial_etiquetas USING btree (processojudicial_id);


--
-- Name: contratos_processojudicial_status_id_18840d2b; Type: INDEX; Schema: public; Owner: maicon
--

CREATE INDEX contratos_processojudicial_status_id_18840d2b ON public.contratos_processojudicial USING btree (status_id);


--
-- Name: contratos_statusprocessual_nome_9154177d_like; Type: INDEX; Schema: public; Owner: maicon
--

CREATE INDEX contratos_statusprocessual_nome_9154177d_like ON public.contratos_statusprocessual USING btree (nome varchar_pattern_ops);


--
-- Name: contratos_tarefa_lista_id_f5c6cf11; Type: INDEX; Schema: public; Owner: maicon
--

CREATE INDEX contratos_tarefa_lista_id_f5c6cf11 ON public.contratos_tarefa USING btree (lista_id);


--
-- Name: contratos_tarefa_processo_id_9c3f70e2; Type: INDEX; Schema: public; Owner: maicon
--

CREATE INDEX contratos_tarefa_processo_id_9c3f70e2 ON public.contratos_tarefa USING btree (processo_id);


--
-- Name: contratos_tarefa_responsavel_id_0df6efb4; Type: INDEX; Schema: public; Owner: maicon
--

CREATE INDEX contratos_tarefa_responsavel_id_0df6efb4 ON public.contratos_tarefa USING btree (responsavel_id);


--
-- Name: django_admin_log_content_type_id_c4bce8eb; Type: INDEX; Schema: public; Owner: maicon
--

CREATE INDEX django_admin_log_content_type_id_c4bce8eb ON public.django_admin_log USING btree (content_type_id);


--
-- Name: django_admin_log_user_id_c564eba6; Type: INDEX; Schema: public; Owner: maicon
--

CREATE INDEX django_admin_log_user_id_c564eba6 ON public.django_admin_log USING btree (user_id);


--
-- Name: django_session_expire_date_a5c62663; Type: INDEX; Schema: public; Owner: maicon
--

CREATE INDEX django_session_expire_date_a5c62663 ON public.django_session USING btree (expire_date);


--
-- Name: django_session_session_key_c0390e0f_like; Type: INDEX; Schema: public; Owner: maicon
--

CREATE INDEX django_session_session_key_c0390e0f_like ON public.django_session USING btree (session_key varchar_pattern_ops);


--
-- Name: auth_group_permissions auth_group_permissio_permission_id_84c5c92e_fk_auth_perm; Type: FK CONSTRAINT; Schema: public; Owner: maicon
--

ALTER TABLE ONLY public.auth_group_permissions
    ADD CONSTRAINT auth_group_permissio_permission_id_84c5c92e_fk_auth_perm FOREIGN KEY (permission_id) REFERENCES public.auth_permission(id) DEFERRABLE INITIALLY DEFERRED;


--
-- Name: auth_group_permissions auth_group_permissions_group_id_b120cbf9_fk_auth_group_id; Type: FK CONSTRAINT; Schema: public; Owner: maicon
--

ALTER TABLE ONLY public.auth_group_permissions
    ADD CONSTRAINT auth_group_permissions_group_id_b120cbf9_fk_auth_group_id FOREIGN KEY (group_id) REFERENCES public.auth_group(id) DEFERRABLE INITIALLY DEFERRED;


--
-- Name: auth_permission auth_permission_content_type_id_2f476e4b_fk_django_co; Type: FK CONSTRAINT; Schema: public; Owner: maicon
--

ALTER TABLE ONLY public.auth_permission
    ADD CONSTRAINT auth_permission_content_type_id_2f476e4b_fk_django_co FOREIGN KEY (content_type_id) REFERENCES public.django_content_type(id) DEFERRABLE INITIALLY DEFERRED;


--
-- Name: auth_user_groups auth_user_groups_group_id_97559544_fk_auth_group_id; Type: FK CONSTRAINT; Schema: public; Owner: maicon
--

ALTER TABLE ONLY public.auth_user_groups
    ADD CONSTRAINT auth_user_groups_group_id_97559544_fk_auth_group_id FOREIGN KEY (group_id) REFERENCES public.auth_group(id) DEFERRABLE INITIALLY DEFERRED;


--
-- Name: auth_user_groups auth_user_groups_user_id_6a12ed8b_fk_auth_user_id; Type: FK CONSTRAINT; Schema: public; Owner: maicon
--

ALTER TABLE ONLY public.auth_user_groups
    ADD CONSTRAINT auth_user_groups_user_id_6a12ed8b_fk_auth_user_id FOREIGN KEY (user_id) REFERENCES public.auth_user(id) DEFERRABLE INITIALLY DEFERRED;


--
-- Name: auth_user_user_permissions auth_user_user_permi_permission_id_1fbb5f2c_fk_auth_perm; Type: FK CONSTRAINT; Schema: public; Owner: maicon
--

ALTER TABLE ONLY public.auth_user_user_permissions
    ADD CONSTRAINT auth_user_user_permi_permission_id_1fbb5f2c_fk_auth_perm FOREIGN KEY (permission_id) REFERENCES public.auth_permission(id) DEFERRABLE INITIALLY DEFERRED;


--
-- Name: auth_user_user_permissions auth_user_user_permissions_user_id_a95ead1b_fk_auth_user_id; Type: FK CONSTRAINT; Schema: public; Owner: maicon
--

ALTER TABLE ONLY public.auth_user_user_permissions
    ADD CONSTRAINT auth_user_user_permissions_user_id_a95ead1b_fk_auth_user_id FOREIGN KEY (user_id) REFERENCES public.auth_user(id) DEFERRABLE INITIALLY DEFERRED;


--
-- Name: contratos_advogado contratos_advogado_parte_id_a8afc814_fk_contratos_parte_id; Type: FK CONSTRAINT; Schema: public; Owner: maicon
--

ALTER TABLE ONLY public.contratos_advogado
    ADD CONSTRAINT contratos_advogado_parte_id_a8afc814_fk_contratos_parte_id FOREIGN KEY (parte_id) REFERENCES public.contratos_parte(id) DEFERRABLE INITIALLY DEFERRED;


--
-- Name: contratos_andamentoprocessualadvogado contratos_andamentop_advogado_id_8c0f2955_fk_contratos; Type: FK CONSTRAINT; Schema: public; Owner: maicon
--

ALTER TABLE ONLY public.contratos_andamentoprocessualadvogado
    ADD CONSTRAINT contratos_andamentop_advogado_id_8c0f2955_fk_contratos FOREIGN KEY (advogado_id) REFERENCES public.contratos_advogado(id) DEFERRABLE INITIALLY DEFERRED;


--
-- Name: contratos_andamentoprocessualadvogado contratos_andamentop_andamento_id_0b82ce44_fk_contratos; Type: FK CONSTRAINT; Schema: public; Owner: maicon
--

ALTER TABLE ONLY public.contratos_andamentoprocessualadvogado
    ADD CONSTRAINT contratos_andamentop_andamento_id_0b82ce44_fk_contratos FOREIGN KEY (andamento_id) REFERENCES public.contratos_andamentoprocessual(id) DEFERRABLE INITIALLY DEFERRED;


--
-- Name: contratos_andamentoprocessual contratos_andamentop_processo_id_208ecd68_fk_contratos; Type: FK CONSTRAINT; Schema: public; Owner: maicon
--

ALTER TABLE ONLY public.contratos_andamentoprocessual
    ADD CONSTRAINT contratos_andamentop_processo_id_208ecd68_fk_contratos FOREIGN KEY (processo_id) REFERENCES public.contratos_processojudicial(id) DEFERRABLE INITIALLY DEFERRED;


--
-- Name: contratos_contrato contratos_contrato_processo_id_d683424a_fk_contratos; Type: FK CONSTRAINT; Schema: public; Owner: maicon
--

ALTER TABLE ONLY public.contratos_contrato
    ADD CONSTRAINT contratos_contrato_processo_id_d683424a_fk_contratos FOREIGN KEY (processo_id) REFERENCES public.contratos_processojudicial(id) DEFERRABLE INITIALLY DEFERRED;


--
-- Name: contratos_parte contratos_parte_processo_id_c1c5815d_fk_contratos; Type: FK CONSTRAINT; Schema: public; Owner: maicon
--

ALTER TABLE ONLY public.contratos_parte
    ADD CONSTRAINT contratos_parte_processo_id_c1c5815d_fk_contratos FOREIGN KEY (processo_id) REFERENCES public.contratos_processojudicial(id) DEFERRABLE INITIALLY DEFERRED;


--
-- Name: contratos_parteprocessoadvogado contratos_parteproce_advogado_id_7545b9e2_fk_contratos; Type: FK CONSTRAINT; Schema: public; Owner: maicon
--

ALTER TABLE ONLY public.contratos_parteprocessoadvogado
    ADD CONSTRAINT contratos_parteproce_advogado_id_7545b9e2_fk_contratos FOREIGN KEY (advogado_id) REFERENCES public.contratos_advogado(id) DEFERRABLE INITIALLY DEFERRED;


--
-- Name: contratos_parteprocessoadvogado contratos_parteproce_parte_id_15cdcd97_fk_contratos; Type: FK CONSTRAINT; Schema: public; Owner: maicon
--

ALTER TABLE ONLY public.contratos_parteprocessoadvogado
    ADD CONSTRAINT contratos_parteproce_parte_id_15cdcd97_fk_contratos FOREIGN KEY (parte_id) REFERENCES public.contratos_parte(id) DEFERRABLE INITIALLY DEFERRED;


--
-- Name: contratos_prazo contratos_prazo_processo_id_cb2651de_fk_contratos; Type: FK CONSTRAINT; Schema: public; Owner: maicon
--

ALTER TABLE ONLY public.contratos_prazo
    ADD CONSTRAINT contratos_prazo_processo_id_cb2651de_fk_contratos FOREIGN KEY (processo_id) REFERENCES public.contratos_processojudicial(id) DEFERRABLE INITIALLY DEFERRED;


--
-- Name: contratos_prazo contratos_prazo_responsavel_id_a1c0bf4f_fk_auth_user_id; Type: FK CONSTRAINT; Schema: public; Owner: maicon
--

ALTER TABLE ONLY public.contratos_prazo
    ADD CONSTRAINT contratos_prazo_responsavel_id_a1c0bf4f_fk_auth_user_id FOREIGN KEY (responsavel_id) REFERENCES public.auth_user(id) DEFERRABLE INITIALLY DEFERRED;


--
-- Name: contratos_processojudicial contratos_processoju_carteira_id_1a68de63_fk_contratos; Type: FK CONSTRAINT; Schema: public; Owner: maicon
--

ALTER TABLE ONLY public.contratos_processojudicial
    ADD CONSTRAINT contratos_processoju_carteira_id_1a68de63_fk_contratos FOREIGN KEY (carteira_id) REFERENCES public.contratos_carteira(id) DEFERRABLE INITIALLY DEFERRED;


--
-- Name: contratos_processojudicial_etiquetas contratos_processoju_etiqueta_id_c1543d91_fk_contratos; Type: FK CONSTRAINT; Schema: public; Owner: maicon
--

ALTER TABLE ONLY public.contratos_processojudicial_etiquetas
    ADD CONSTRAINT contratos_processoju_etiqueta_id_c1543d91_fk_contratos FOREIGN KEY (etiqueta_id) REFERENCES public.contratos_etiqueta(id) DEFERRABLE INITIALLY DEFERRED;


--
-- Name: contratos_processojudicial_etiquetas contratos_processoju_processojudicial_id_93e3dbe6_fk_contratos; Type: FK CONSTRAINT; Schema: public; Owner: maicon
--

ALTER TABLE ONLY public.contratos_processojudicial_etiquetas
    ADD CONSTRAINT contratos_processoju_processojudicial_id_93e3dbe6_fk_contratos FOREIGN KEY (processojudicial_id) REFERENCES public.contratos_processojudicial(id) DEFERRABLE INITIALLY DEFERRED;


--
-- Name: contratos_processojudicial contratos_processoju_status_id_18840d2b_fk_contratos; Type: FK CONSTRAINT; Schema: public; Owner: maicon
--

ALTER TABLE ONLY public.contratos_processojudicial
    ADD CONSTRAINT contratos_processoju_status_id_18840d2b_fk_contratos FOREIGN KEY (status_id) REFERENCES public.contratos_statusprocessual(id) DEFERRABLE INITIALLY DEFERRED;


--
-- Name: contratos_tarefa contratos_tarefa_lista_id_f5c6cf11_fk_contratos; Type: FK CONSTRAINT; Schema: public; Owner: maicon
--

ALTER TABLE ONLY public.contratos_tarefa
    ADD CONSTRAINT contratos_tarefa_lista_id_f5c6cf11_fk_contratos FOREIGN KEY (lista_id) REFERENCES public.contratos_listadetarefas(id) DEFERRABLE INITIALLY DEFERRED;


--
-- Name: contratos_tarefa contratos_tarefa_processo_id_9c3f70e2_fk_contratos; Type: FK CONSTRAINT; Schema: public; Owner: maicon
--

ALTER TABLE ONLY public.contratos_tarefa
    ADD CONSTRAINT contratos_tarefa_processo_id_9c3f70e2_fk_contratos FOREIGN KEY (processo_id) REFERENCES public.contratos_processojudicial(id) DEFERRABLE INITIALLY DEFERRED;


--
-- Name: contratos_tarefa contratos_tarefa_responsavel_id_0df6efb4_fk_auth_user_id; Type: FK CONSTRAINT; Schema: public; Owner: maicon
--

ALTER TABLE ONLY public.contratos_tarefa
    ADD CONSTRAINT contratos_tarefa_responsavel_id_0df6efb4_fk_auth_user_id FOREIGN KEY (responsavel_id) REFERENCES public.auth_user(id) DEFERRABLE INITIALLY DEFERRED;


--
-- Name: django_admin_log django_admin_log_content_type_id_c4bce8eb_fk_django_co; Type: FK CONSTRAINT; Schema: public; Owner: maicon
--

ALTER TABLE ONLY public.django_admin_log
    ADD CONSTRAINT django_admin_log_content_type_id_c4bce8eb_fk_django_co FOREIGN KEY (content_type_id) REFERENCES public.django_content_type(id) DEFERRABLE INITIALLY DEFERRED;


--
-- Name: django_admin_log django_admin_log_user_id_c564eba6_fk_auth_user_id; Type: FK CONSTRAINT; Schema: public; Owner: maicon
--

ALTER TABLE ONLY public.django_admin_log
    ADD CONSTRAINT django_admin_log_user_id_c564eba6_fk_auth_user_id FOREIGN KEY (user_id) REFERENCES public.auth_user(id) DEFERRABLE INITIALLY DEFERRED;


--
-- PostgreSQL database dump complete
--

